Core,Date,Time,Run,Headspace,Valve
BC3-5,7/17/18,9:15-10:30AM,1,17.5,1
BC3-3,7/17/18,9:15-10:30AM,1,15,2
BC3-2,7/17/18,9:15-10:30AM,1,16.5,3
BC4-12,7/17/18,9:15-10:30AM,1,17,5
BC2-13,7/17/18,9:15-10:30AM,1,16.5,6
BC4-3,7/17/18,9:15-10:30AM,1,15,7
BC4-8,7/17/18,9:15-10:30AM,1,15,8
BC2-10,7/17/18,9:15-10:30AM,1,17,9
BC2-15,7/17/18,9:15-10:30AM,1,16.5,10
BC2-7,7/17/18,9:15-10:30AM,1,16.5,11
BC2-5,7/17/18,9:15-10:30AM,1,16,12
BC3-14,7/17/18,9:15-10:30AM,1,16,13
BC4-15,7/17/18,9:15-10:30AM,1,15,14
BC4-9,7/17/18,9:15-10:30AM,1,16.5,15
BC14-11,7/17/18,11:01AM-12:06PM,2,15,1
BC3-7,7/17/18,11:01AM-12:06PM,2,16.5,2
BC13-11,7/17/18,11:01AM-12:06PM,2,15,3
BC12-13,7/17/18,11:01AM-12:06PM,2,17,5
BC13-14,7/17/18,11:01AM-12:06PM,2,15,6
BC12-4,7/17/18,11:01AM-12:06PM,2,17,7
BC14-6,7/17/18,11:01AM-12:06PM,2,16,8
BC14-9,7/17/18,11:01AM-12:06PM,2,17,9
BC13-5,7/17/18,11:01AM-12:06PM,2,18,10
BC14-12,7/17/18,11:01AM-12:06PM,2,16,11
BC13-12,7/17/18,11:01AM-12:06PM,2,14.5,12
BC12-14,7/17/18,11:01AM-12:06PM,2,13,13
BC12-1,7/17/18,11:01AM-12:06PM,2,15,14
BC13-13,7/17/18,11:01AM-12:06PM,2,15,15
BC15-2,7/17/18,12:33-2:15PM,3,15,1
BC14-13,7/17/18,12:33-2:15PM,3,15,2
BC15-7,7/17/18,12:33-2:15PM,3,22,3
BC12-3,7/17/18,12:33-2:15PM,3,15,5
BC15-5,7/17/18,12:33-2:15PM,3,15,6
BC13-15,7/17/18,12:33-2:15PM,3,15,7
BC13-8,7/17/18,12:33-2:15PM,3,18,8
BC13-9,7/17/18,12:33-2:15PM,3,19,9
BC13-2,7/17/18,12:33-2:15PM,3,16,10
BC13-15,7/17/18,12:33-2:15PM,3,15,11
BC13-4,7/17/18,12:33-2:15PM,3,17.5,12
BC15-15,7/17/18,12:33-2:15PM,3,16,13
BC3-10,7/17/18,12:33-2:15PM,3,17,14
BC13-7,7/17/18,12:33-2:15PM,3,15,15
BC2-11,7/17/18,2.47-3.55,4,16.5,1
BC2-3,7/17/18,2.47-3.55,4,16,2
BC3-6,7/17/18,2.47-3.55,4,15,3
BC13-3,7/17/18,2.47-3.55,4,17,5
BC2-2,7/17/18,2.47-3.55,4,16.5,6
BC2-11,7/17/18,2.47-3.55,4,16.5,7
BC2-14,7/17/18,2.47-3.55,4,17.5,8
BC2-9,7/17/18,2.47-3.55,4,16,9
BC2-8,7/17/18,2.47-3.55,4,17,10
BC2-12,7/17/18,2.47-3.55,4,17,11
BC13-6,7/17/18,2.47-3.55,4,16.5,12
BC2-4,7/17/18,2.47-3.55,4,17,13
BC15-11,7/17/18,2.47-3.55,4,20,14
BC2-6,7/17/18,2.47-3.55,4,15,15
BC4-10,7/17/18,4.14-5.15,5,15,1
BC4-13,7/17/18,4.14-5.15,5,15.5,2
BC3-15,7/17/18,4.14-5.15,5,16.5,3
BC4-2,7/17/18,4.14-5.15,5,17.5,5
BC4-5,7/17/18,4.14-5.15,5,15,6
BC4-1,7/17/18,4.14-5.15,5,16,7
BC3-12,7/17/18,4.14-5.15,5,15,8
BC3-4,7/17/18,4.14-5.15,5,16.5,9
BC3-10,7/17/18,4.14-5.15,5,17,10
BC3-9,7/17/18,4.14-5.15,5,16.5,11
BC3-11,7/17/18,4.14-5.15,5,17,12
BC3-13,7/17/18,4.14-5.15,5,16.5,13
BC3-1,7/17/18,4.14-5.15,5,18,14
BC3-8,7/17/18,4.14-5.15,5,17,15
BC12-7,7/17/18,5.34-6.35,6,15,1
BC12-9,7/17/18,5.34-6.35,6,17,2
BC12-8,7/17/18,5.34-6.35,6,16.5,3
BC12-11,7/17/18,5.34-6.35,6,15,5
BC12-15,7/17/18,5.34-6.35,6,15,6
BC12-6,7/17/18,5.34-6.35,6,17,7
BC12-10,7/17/18,5.34-6.35,6,17,8
BC4-6,7/17/18,5.34-6.35,6,15,9
BC4-7,7/17/18,5.34-6.35,6,15,10
BC4-14,7/17/18,5.34-6.35,6,15,11
BC4-4,7/17/18,5.34-6.35,6,17,12
BC12-5,7/17/18,5.34-6.35,6,17,13
BC12-12,7/17/18,5.34-6.35,6,15,14
BC4-11,7/17/18,5.34-6.35,6,15,15
BC14-5,7/17/18,6.47-7.50,7,15,1
BC14-15,7/17/18,6.47-7.50,7,15,2
BC14-2,7/17/18,6.47-7.50,7,17,3
BC14-4,7/17/18,6.47-7.50,7,16,5
BC14-1,7/17/18,6.47-7.50,7,15,6
BC12-2,7/17/18,6.47-7.50,7,15.5,7
BC15-9,7/17/18,6.47-7.50,7,19,8
BC14-7,7/17/18,6.47-7.50,7,15,9
BC14-3,7/17/18,6.47-7.50,7,15,10
BC15-8,7/17/18,6.47-7.50,7,19,11
BC15-3,7/17/18,6.47-7.50,7,18,12
BC14-14,7/17/18,6.47-7.50,7,14,13
BC14-10,7/17/18,6.47-7.50,7,15,14
BC14-8,7/17/18,6.47-7.50,7,15,15
BC15-13,7/17/18,8.00-9.06,8,17,1
BC15-12,7/17/18,8.00-9.06,8,16,2
BC15-6,7/17/18,8.00-9.06,8,17,3
BC15-10,7/17/18,8.00-9.06,8,17,5
BC15-1,7/17/18,8.00-9.06,8,15,6
BC15-4,7/17/18,8.00-9.06,8,16,7
BC15-14,7/17/18,8.00-9.06,8,16,8
BC2-13,7/19/18,8.44-9.45 am,1,16.5,1
BC2-15,7/19/18,8.44-9.45 am,1,16.5,3
BC3-5,7/19/18,8.44-9.45 am,1,17.5,4
BC2-7,7/19/18,8.44-9.45 am,1,16.5,5
BC2-5,7/19/18,8.44-9.45 am,1,16,6
BC2-10,7/19/18,8.44-9.45 am,1,17,7
BC3-7,7/19/18,8.44-9.45 am,1,16.5,8
BC4-3,7/19/18,8.44-9.45 am,1,15,9
BC3-2,7/19/18,8.44-9.45 am,1,16.5,10
BC3-3,7/19/18,8.44-9.45 am,1,15,11
BC4-9,7/19/18,8.44-9.45 am,1,16.5,12
BC4-8,7/19/18,8.44-9.45 am,1,15,13
BC3-14,7/19/18,8.44-9.45 am,1,16,14
BC4-15,7/19/18,8.44-9.45 am,1,15,15
BC4-12,7/19/18,10.02-11.09,2,17,1
BC12-14,7/19/18,10.02-11.09,2,13,3
BC12-4,7/19/18,10.02-11.09,2,17,4
BC13-14,7/19/18,10.02-11.09,2,15,5
BC13-11,7/19/18,10.02-11.09,2,15,6
BC12-3,7/19/18,10.02-11.09,2,15,7
BC13-5,7/19/18,10.02-11.09,2,18,8
BC13-12,7/19/18,10.02-11.09,2,14.5,9
BC14-13,7/19/18,10.02-11.09,2,15,10
BC13-13,7/19/18,10.02-11.09,2,15,11
BC14-11,7/19/18,10.02-11.09,2,15,12
BC12-14,7/19/18,10.02-11.09,2,13,13
BC12-13,7/19/18,10.02-11.09,2,17,14
BC14-9,7/19/18,10.02-11.09,2,17,15
BC13-4,7/19/18,11.27-12.42,3,17.5,1
BC13-1,7/19/18,11.27-12.42,3,17,3
BC13-7,7/19/18,11.27-12.42,3,15,4
BC13-3,7/19/18,11.27-12.42,3,17,5
BC14-6,7/19/18,11.27-12.42,3,16,6
BC13-9,7/19/18,11.27-12.42,3,19,7
BC13-8,7/19/18,11.27-12.42,3,18,8
BC15-7,7/19/18,11.27-12.42,3,22,9
BC15-2,7/19/18,11.27-12.42,3,15,10
BC13-2,7/19/18,11.27-12.42,3,16,11
BC15-5,7/19/18,11.27-12.42,3,15,12
BC14-12,7/19/18,11.27-12.42,3,16,13
BC15-11,7/19/18,11.27-12.42,3,20,14
BC15-15,7/19/18,11.27-12.42,3,16,15
BC2-14,7/19/18,1:16-2:21PM,4,17.5,1
BC3-12,7/19/18,1:16-2:21PM,4,15,3
BC2-9,7/19/18,1:16-2:21PM,4,16,4
BC13-15,7/19/18,1:16-2:21PM,4,15,5
BC13-6,7/19/18,1:16-2:21PM,4,16.5,6
BC13-10,7/19/18,1:16-2:21PM,4,18,7
BC3-6,7/19/18,1:16-2:21PM,4,15,8
BC2-8,7/19/18,1:16-2:21PM,4,17,9
BC2-2,7/19/18,1:16-2:21PM,4,16.5,10
BC2-4,7/19/18,1:16-2:21PM,4,17,11
BC2-6,7/19/18,1:16-2:21PM,4,15,12
BC2-1,7/19/18,1:16-2:21PM,4,15,13
BC2-3,7/19/18,1:16-2:21PM,4,16,14
BC2-11,7/19/18,1:16-2:21PM,4,16.5,15
BC3-4,7/19/18,2.46-3.52,5,16.5,1
BC3-9,7/19/18,2.46-3.52,5,16.5,3
BC3-10,7/19/18,2.46-3.52,5,17,4
BC3-11,7/19/18,2.46-3.52,5,17,5
BC3-1,7/19/18,2.46-3.52,5,18,6
BC4-14,7/19/18,2.46-3.52,5,15,7
BC4-1,7/19/18,2.46-3.52,5,16,8
BC4-10,7/19/18,2.46-3.52,5,15,9
BC3-13,7/19/18,2.46-3.52,5,16.5,10
BC4-4,7/19/18,2.46-3.52,5,17,11
BC3-15,7/19/18,2.46-3.52,5,16.5,12
BC4-13,7/19/18,2.46-3.52,5,15.5,13
BC3-12,7/19/18,2.46-3.52,5,15,14
BC3-8,7/19/18,2.46-3.52,5,17,15
BC12-11,7/19/18,4.04-5.06,6,15,1
BC12-12,7/19/18,4.04-5.06,6,15,3
BC12-10,7/19/18,4.04-5.06,6,17,4
BC12-6,7/19/18,4.04-5.06,6,17,5
BC12-5,7/19/18,4.04-5.06,6,17,6
BC4-11,7/19/18,4.04-5.06,6,15,7
BC12-9,7/19/18,4.04-5.06,6,17,8
BC12-7,7/19/18,4.04-5.06,6,15,9
BC4-2,7/19/18,4.04-5.06,6,17.5,10
BC4-6,7/19/18,4.04-5.06,6,15,11
BC12-8,7/19/18,4.04-5.06,6,16.5,12
BC12-2,7/19/18,4.04-5.06,6,15.5,13
BC4-7,7/19/18,4.04-5.06,6,15,14
BC12-15,7/19/18,4.04-5.06,6,15,15
BC14-3,7/19/18,5.39-6.44,7,15,1
BC14-15,7/19/18,5.39-6.44,7,15,3
BC4-5,7/19/18,5.39-6.44,7,15,4
BC14-7,7/19/18,5.39-6.44,7,15,5
BC14-4,7/19/18,5.39-6.44,7,16,6
BC14-8,7/19/18,5.39-6.44,7,15,7
BC15-1,7/19/18,5.39-6.44,7,15,8
BC14-1,7/19/18,5.39-6.44,7,15,9
BC14-14,7/19/18,5.39-6.44,7,14,10
BC14-8,7/19/18,5.39-6.44,7,15,11
BC14-10,7/19/18,5.39-6.44,7,15,12
**,7/19/18,5.39-6.44,7,15,13
BC15-8,7/19/18,5.39-6.44,7,19,14
BC15-9,7/19/18,5.39-6.44,7,19,15
BC15-12,7/19/18,6.54-7.37,8,16,1
BC15-14,7/19/18,6.54-7.37,8,16,3
BC15-4,7/19/18,6.54-7.37,8,16,4
BC15-3,7/19/18,6.54-7.37,8,18,5
BC15-13,7/19/18,6.54-7.37,8,17,6
BC14-5,7/19/18,6.54-7.37,8,15,7
BC15-10,7/19/18,6.54-7.37,8,17,8
BC15-6,7/19/18,6.54-7.37,8,17,9
BC2-5,7/21/18,8.10-9.16,1,16,1
BC4-5,7/21/18,8.10-9.16,1,15,3
BC4-15,7/21/18,8.10-9.16,1,15,4
BC2-7,7/21/18,8.10-9.16,1,16.5,5
BC2-10,7/21/18,8.10-9.16,1,17,6
BC2-15,7/21/18,8.10-9.16,1,16.5,7
BC2-13,7/21/18,8.10-9.16,1,16.5,8
BC3-2,7/21/18,8.10-9.16,1,16.5,9
BC3-5,7/21/18,8.10-9.16,1,17.5,10
BC4-9,7/21/18,8.10-9.16,1,16.5,11
BC3-3,7/21/18,8.10-9.16,1,15,12
BC3-7,7/21/18,8.10-9.16,1,16.5,13
BC3-14,7/21/18,8.10-9.16,1,16,14
BC4-12,7/21/18,8.10-9.16,1,17,15
BC12-14,7/21/18,9.27-10.42,2,13,1
BC12-13,7/21/18,9.27-10.42,2,17,3
BC12-4,7/21/18,9.27-10.42,2,17,4
BC13-12,7/21/18,9.27-10.42,2,14.5,5
BC13-14,7/21/18,9.27-10.42,2,15,6
BC13-11,7/21/18,9.27-10.42,2,15,7
BC4-8,7/21/18,9.27-10.42,2,15,8
BC13-13,7/21/18,9.27-10.42,2,15,9
BC14-6,7/21/18,9.27-10.42,2,16,10
BC14-13,7/21/18,9.27-10.42,2,15,11
BC13-15,7/21/18,9.27-10.42,2,15,12
BC14-11,7/21/18,9.27-10.42,2,15,13
BC12-1,7/21/18,9.27-10.42,2,15,14
BC14-12,7/21/18,9.27-10.42,2,16,15
BC12-3,7/21/18,10.56-12.02,3,15,1
BC15-14,7/21/18,10.56-12.02,3,16,3
BC15-8,7/21/18,10.56-12.02,3,19,4
BC14-9,7/21/18,10.56-12.02,3,17,5
BC15-15,7/21/18,10.56-12.02,3,16,6
BC15-12,7/21/18,10.56-12.02,3,16,7
BC15-7,7/21/18,10.56-12.02,3,22,8
BC15-13,7/21/18,10.56-12.02,3,17,9
BC15-1,7/21/18,10.56-12.02,3,15,10
BC15-10,7/21/18,10.56-12.02,3,17,11
BC15-6,7/21/18,10.56-12.02,3,17,12
BC15-4,7/21/18,10.56-12.02,3,16,13
BC15-3,7/21/18,10.56-12.02,3,18,14
BC15-9,7/21/18,10.56-12.02,3,19,15
BC13-3,7/21/18,12.12-1.25,4,17,1
BC13-4,7/21/18,12.12-1.25,4,17.5,3
BC2-2,7/21/18,12.12-1.25,4,16.5,4
BC13-15,7/21/18,12.12-1.25,4,15,5
BC13-15,7/21/18,12.12-1.25,4,15,6
BC13-6,7/21/18,12.12-1.25,4,16.5,7
BC13-8,7/21/18,12.12-1.25,4,18,8
BC13-9,7/21/18,12.12-1.25,4,19,9
BC13-2,7/21/18,12.12-1.25,4,16,10
BC15-2,7/21/18,12.12-1.25,4,15,11
BC15-11,7/21/18,12.12-1.25,4,20,12
BC13-7,7/21/18,12.12-1.25,4,15,13
BC13-10,7/21/18,12.12-1.25,4,18,14
BC15-5,7/21/18,12.12-1.25,4,15,15
BC2-6,7/21/18,1.32-2.39,5,15,1
BC2-3,7/21/18,1.32-2.39,5,16,3
BC12-11,7/21/18,1.32-2.39,5,15,4
BC2-12,7/21/18,1.32-2.39,5,17,5
BC2-4,7/21/18,1.32-2.39,5,17,6
BC2-12,7/21/18,1.32-2.39,5,17,7
BC2-14,7/21/18,1.32-2.39,5,17.5,8
BC3-8,7/21/18,1.32-2.39,5,17,9
BC3-1,7/21/18,1.32-2.39,5,18,10
BC2-9,7/21/18,1.32-2.39,5,16,11
BC3-15,7/21/18,1.32-2.39,5,16.5,12
BC2-8,7/21/18,1.32-2.39,5,17,13
BC3-9,7/21/18,1.32-2.39,5,16.5,14
BC3-4,7/21/18,1.32-2.39,5,16.5,15
BC4-7,7/21/18,2.51-3.56,6,15,1
BC4-2,7/21/18,2.51-3.56,6,17.5,3
BC4-4,7/21/18,2.51-3.56,6,17,4
BC4-6,7/21/18,2.51-3.56,6,15,5
BC4-13,7/21/18,2.51-3.56,6,15.5,6
BC4-14,7/21/18,2.51-3.56,6,15,7
BC4-1,7/21/18,2.51-3.56,6,16,8
BC3-13,7/21/18,2.51-3.56,6,16.5,9
BC3-6,7/21/18,2.51-3.56,6,15,10
BC4-5,7/21/18,2.51-3.56,6,15,11
BC4-10,7/21/18,2.51-3.56,6,15,12
BC3-11,7/21/18,2.51-3.56,6,17,13
BC3-12,7/21/18,2.51-3.56,6,15,14
BC3-10,7/21/18,2.51-3.56,6,17,15
BC14-7,7/21/18,4.00-5.13,7,15,1
BC12-6,7/21/18,4.00-5.13,7,17,3
BC14-2,7/21/18,4.00-5.13,7,17,4
BC14-4,7/21/18,4.00-5.13,7,16,5
BC12-15,7/21/18,4.00-5.13,7,15,6
BC12-11,7/21/18,4.00-5.13,7,15,7
BC4-11,7/21/18,4.00-5.13,7,15,8
BC12-12,7/21/18,4.00-5.13,7,15,9
BC12-2,7/21/18,4.00-5.13,7,15.5,10
BC12-5,7/21/18,4.00-5.13,7,17,11
BC12-9,7/21/18,4.00-5.13,7,17,12
BC12-8,7/21/18,4.00-5.13,7,16.5,13
BC12-10,7/21/18,4.00-5.13,7,17,14
BC12-7,7/21/18,4.00-5.13,7,15,15
BC14-8,7/21/18,5.20-5.58,8,15,1
BC14-1,7/21/18,5.20-5.58,8,15,3
BC14-15,7/21/18,5.20-5.58,8,15,4
BC14-10,7/21/18,5.20-5.58,8,15,5
BC14-3,7/21/18,5.20-5.58,8,15,6
BC14-5,7/21/18,5.20-5.58,8,15,7
BC14-14,7/21/18,5.20-5.58,8,14,8
BC2-6,7/24/18,8.40-9.46,1,15,1
BC2-9,7/24/18,8.40-9.46,1,16,3
BC2-4,7/24/18,8.40-9.46,1,17,4
BC13-9,7/24/18,8.40-9.46,1,19,5
BC13-10,7/24/18,8.40-9.46,1,18,6
BC2-2,7/24/18,8.40-9.46,1,16.5,7
BC13-3,7/24/18,8.40-9.46,1,17,8
BC13-4,7/24/18,8.40-9.46,1,17.5,9
BC13-6,7/24/18,8.40-9.46,1,16.5,10
BC13-8,7/24/18,8.40-9.46,1,18,11
BC13-1,7/24/18,8.40-9.46,1,17,12
BC13-7,7/24/18,8.40-9.46,1,15,13
BC13-15,7/24/18,8.40-9.46,1,15,14
BC13-2,7/24/18,8.40-9.46,1,16,15
BC2-6,7/24/18,10.00-11.05,2,15,1
BC2-9,7/24/18,10.00-11.05,2,15,3
BC2-4,7/24/18,10.00-11.05,2,17,4
BC13-9,7/24/18,10.00-11.05,2,19,5
BC13-10,7/24/18,10.00-11.05,2,18,6
BC2-2,7/24/18,10.00-11.05,2,16.5,7
BC13-3,7/24/18,10.00-11.05,2,17,8
BC13-4,7/24/18,10.00-11.05,2,17.5,9
BC13-6,7/24/18,10.00-11.05,2,16.5,10
BC13-8,7/24/18,10.00-11.05,2,15,11
BC13-1,7/24/18,10.00-11.05,2,14,12
BC13-7,7/24/18,10.00-11.05,2,15,13
BC13-15,7/24/18,10.00-11.05,2,15,14
BC13-2,7/24/18,10.00-11.05,2,16,15
BC2-12,7/24/18,11.23-12.31,3,17,1
BC2-11,7/24/18,11.23-12.31,3,16.5,3
BC3-12,7/24/18,11.23-12.31,3,15,4
BC3-11,7/24/18,11.23-12.31,3,17,5
BC2-1,7/24/18,11.23-12.31,3,15,6
BC3-10,7/24/18,11.23-12.31,3,17,7
BC3-4,7/24/18,11.23-12.31,3,16.5,8
BC2-3,7/24/18,11.23-12.31,3,16,9
BC3-6,7/24/18,11.23-12.31,3,15,10
BC3-15,7/24/18,11.23-12.31,3,16.5,11
BC2-8,7/24/18,11.23-12.31,3,17,12
BC2-14,7/24/18,11.23-12.31,3,17.5,13
BC3-13,7/24/18,11.23-12.31,3,16.5,14
BC3-8,7/24/18,11.23-12.31,3,17,15
BC2-12,7/24/18,12.46-2.00,4,17,1
BC2-11,7/24/18,12.46-2.00,4,16.5,3
BC3-12,7/24/18,12.46-2.00,4,14,4
BC3-11,7/24/18,12.46-2.00,4,14.5,5
BC2-1,7/24/18,12.46-2.00,4,15,6
BC3-10,7/24/18,12.46-2.00,4,15,7
BC3-4,7/24/18,12.46-2.00,4,16.5,8
BC2-3,7/24/18,12.46-2.00,4,16,9
BC3-6,7/24/18,12.46-2.00,4,15,10
BC3-15,7/24/18,12.46-2.00,4,16.5,11
BC2-8,7/24/18,12.46-2.00,4,17,12
BC2-14,7/24/18,12.46-2.00,4,17.5,13
BC3-13,7/24/18,12.46-2.00,4,16.5,14
BC3-8,7/24/18,12.46-2.00,4,17,15
BC3-1,7/24/18,2.31-3.34,5,18,1
BC4-4,7/24/18,2.31-3.34,5,17,3
BC4-5,7/24/18,2.31-3.34,5,15,5
BC4-6,7/24/18,2.31-3.34,5,15,6
BC4-2,7/24/18,2.31-3.34,5,17.5,7
BC4-14,7/24/18,2.31-3.34,5,15,8
BC3-9,7/24/18,2.31-3.34,5,16.5,9
BC4-1,7/24/18,2.31-3.34,5,16,10
BC4-11,7/24/18,2.31-3.34,5,15,11
BC4-13,7/24/18,2.31-3.34,5,15.5,12
BC4-7,7/24/18,2.31-3.34,5,15,13
BC4-10,7/24/18,2.31-3.34,5,15,14
BC3-1,7/24/18,3.57-5.00,6,15,1
BC4-4,7/24/18,3.57-5.00,6,16,3
BC4-5,7/24/18,3.57-5.00,6,15,5
BC4-6,7/24/18,3.57-5.00,6,12,6
BC4-2,7/24/18,3.57-5.00,6,15,7
BC4-14,7/24/18,3.57-5.00,6,14,8
BC3-9,7/24/18,3.57-5.00,6,16.5,9
BC4-1,7/24/18,3.57-5.00,6,16,10
BC4-11,7/24/18,3.57-5.00,6,15,11
BC4-13,7/24/18,3.57-5.00,6,15.5,12
BC4-7,7/24/18,3.57-5.00,6,15,13
BC4-10,7/24/18,3.57-5.00,6,15,14
BC13-2,7/25/18,9.46-10.56,1,16,1
BC13-8,7/25/18,9.46-10.56,1,18,3
BC2-4,7/25/18,9.46-10.56,1,17,4
BC2-9,7/25/18,9.46-10.56,1,16,5
BC13-6,7/25/18,9.46-10.56,1,16.5,6
BC2-2,7/25/18,9.46-10.56,1,16.5,7
BC13-1,7/25/18,9.46-10.56,1,17,8
BC13-10,7/25/18,9.46-10.56,1,18,9
BC2-6,7/25/18,9.46-10.56,1,15,10
BC13-15,7/25/18,9.46-10.56,1,15,11
BC13-4,7/25/18,9.46-10.56,1,17.5,12
BC13-3,7/25/18,9.46-10.56,1,17,13
BC13-9,7/25/18,9.46-10.56,1,19,14
BC13-7,7/25/18,9.46-10.56,1,15,15
BC3-8,7/25/18,11.21-12.27,2,17,1
BC3-15,7/25/18,11.21-12.27,2,16.5,3
BC3-11,7/25/18,11.21-12.27,2,17,4
BC2-3,7/25/18,11.21-12.27,2,16,5
BC2-14,7/25/18,11.21-12.27,2,17.5,6
BC2-8,7/25/18,11.21-12.27,2,17,7
BC3-13,7/25/18,11.21-12.27,2,16.5,8
BC2-11,7/25/18,11.21-12.27,2,16.5,9
BC3-6,7/25/18,11.21-12.27,2,15,10
BC2-12,7/25/18,11.21-12.27,2,17,11
BC2-1,7/25/18,11.21-12.27,2,15,12
BC3-10,7/25/18,11.21-12.27,2,17,13
BC3-12,7/25/18,11.21-12.27,2,15,14
BC3-4,7/25/18,11.21-12.27,2,16.5,15
BC4-6,7/25/18,12.57-2.02,3,15,1
BC4-2,7/25/18,12.57-2.02,3,17.5,3
BC3-1,7/25/18,12.57-2.02,3,18,5
BC4-5,7/25/18,12.57-2.02,3,15,6
BC4-4,7/25/18,12.57-2.02,3,17,7
BC4-14,7/25/18,12.57-2.02,3,15,8
BC3-9,7/25/18,12.57-2.02,3,16.5,10
BC4-13,7/25/18,12.57-2.02,3,15.5,11
BC4-7,7/25/18,12.57-2.02,3,15,12
BC4-1,7/25/18,12.57-2.02,3,16,13
BC4-11,7/25/18,12.57-2.02,3,15,14
BC4-10,7/25/18,12.57-2.02,3,15,15
BC3-12,7/26/18,7.49-8.58,1,12,1
BC4-14,7/26/18,7.49-8.58,1,12.5,3
BC4-6,7/26/18,7.49-8.58,1,15,4
BC4-5,7/26/18,7.49-8.58,1,15,5
BC4-4,7/26/18,7.49-8.58,1,16,6
BC3-1,7/26/18,7.49-8.58,1,15.5,7
BC4-2,7/26/18,7.49-8.58,1,16,8
BC4-11,7/26/18,7.49-8.58,1,15,9
BC4-1,7/26/18,7.49-8.58,1,16,10
BC4-7,7/26/18,7.49-8.58,1,15,11
BC4-10,7/26/18,7.49-8.58,1,15,12
BC4-13,7/26/18,7.49-8.58,1,15.5,13
BC3-9,7/26/18,7.49-8.58,1,16.5,14
BC3-15,7/26/18,7.49-8.58,1,16.5,15
BC3-12,7/26/18,9.49-10.59,2,15,1
BC4-14,7/26/18,9.49-10.59,2,15,3
BC4-6,7/26/18,9.49-10.59,2,15,4
BC4-5,7/26/18,9.49-10.59,2,15,5
BC4-4,7/26/18,9.49-10.59,2,17,6
BC3-1,7/26/18,9.49-10.59,2,18,7
BC4-2,7/26/18,9.49-10.59,2,17.5,8
BC4-11,7/26/18,9.49-10.59,2,15,9
BC4-1,7/26/18,9.49-10.59,2,16,10
BC4-7,7/26/18,9.49-10.59,2,15,11
BC4-10,7/26/18,9.49-10.59,2,15,12
BC4-13,7/26/18,9.49-10.59,2,15.5,13
BC3-9,7/26/18,9.49-10.59,2,16.5,14
BC3-15,7/26/18,9.49-10.59,2,16.5,15
BC2-12,7/26/18,11.13-12.19,3,15,1
BC3-4,7/26/18,11.13-12.19,3,14,3
BC3-10,7/26/18,11.13-12.19,3,13.5,4
BC2-11,7/26/18,11.13-12.19,3,16.5,5
BC2-9,7/26/18,11.13-12.19,3,16,6
BC2-2,7/26/18,11.13-12.19,3,16.5,7
BC3-11,7/26/18,11.13-12.19,3,15.5,8
BC3-8,7/26/18,11.13-12.19,3,17,9
BC3-6,7/26/18,11.13-12.19,3,15,10
BC3-13,7/26/18,11.13-12.19,3,16.5,11
BC2-8,7/26/18,11.13-12.19,3,17,12
BC2-4,7/26/18,11.13-12.19,3,17,13
BC2-14,7/26/18,11.13-12.19,3,17.5,14
BC2-6,7/26/18,11.13-12.19,3,15,15
BC2-12,7/26/18,12.46-1.50,4,17,1
BC3-4,7/26/18,12.46-1.50,4,16.5,3
BC3-10,7/26/18,12.46-1.50,4,17,4
BC2-11,7/26/18,12.46-1.50,4,16.5,5
BC2-9,7/26/18,12.46-1.50,4,16,6
BC2-2,7/26/18,12.46-1.50,4,16.5,7
BC3-11,7/26/18,12.46-1.50,4,17,8
BC3-8,7/26/18,12.46-1.50,4,17,9
BC3-6,7/26/18,12.46-1.50,4,15,10
BC3-13,7/26/18,12.46-1.50,4,16.5,11
BC2-8,7/26/18,12.46-1.50,4,17,12
BC2-4,7/26/18,12.46-1.50,4,17,13
BC2-14,7/26/18,12.46-1.50,4,17.5,14
BC2-6,7/26/18,12.46-1.50,4,15,15
BC13-6,7/26/18,2.26-3.32,5,14.5,1
BC13-8,7/26/18,2.26-3.32,5,16,3
BC13-4,7/26/18,2.26-3.32,5,17.5,4
BC13-1,7/26/18,2.26-3.32,5,15,5
BC13-2,7/26/18,2.26-3.32,5,14.5,7
BC2-1,7/26/18,2.26-3.32,5,13,8
BC13-3,7/26/18,2.26-3.32,5,17,9
BC13-7,7/26/18,2.26-3.32,5,15,10
BC2-3,7/26/18,2.26-3.32,5,16,11
BC13-9,7/26/18,2.26-3.32,5,19,12
BC13-15,7/26/18,2.26-3.32,5,15,13
BC13-10,7/26/18,2.26-3.32,5,18,14
BC13-6,7/26/18,3.58-5.04,6,16.5,1
BC13-8,7/26/18,3.58-5.04,6,18,3
BC13-4,7/26/18,3.58-5.04,6,17.5,4
BC13-1,7/26/18,3.58-5.04,6,17,5
BC13-2,7/26/18,3.58-5.04,6,16,7
BC2-1,7/26/18,3.58-5.04,6,15,8
BC13-3,7/26/18,3.58-5.04,6,17,9
BC13-7,7/26/18,3.58-5.04,6,15,10
BC2-3,7/26/18,3.58-5.04,6,16,11
BC13-9,7/26/18,3.58-5.04,6,19,12
BC13-15,7/26/18,3.58-5.04,6,15,13
BC13-10,7/26/18,3.58-5.04,6,18,14
BC12-9,7/26/18,5.16-6.22,7,17,1
BC12-7,7/26/18,5.16-6.22,7,15,3
BC12-10,7/26/18,5.16-6.22,7,17,4
BC12-8,7/26/18,5.16-6.22,7,16.5,5
BC12-5,7/26/18,5.16-6.22,7,17,6
BC12-11,7/26/18,5.16-6.22,7,15,7
BC12-12,7/26/18,5.16-6.22,7,15,8
BC14-10,7/26/18,5.16-6.22,7,15,9
BC14-15,7/26/18,5.16-6.22,7,15,10
BC12-6,7/26/18,5.16-6.22,7,17,11
BC12-2,7/26/18,5.16-6.22,7,15.5,12
BC14-7,7/26/18,5.16-6.22,7,15,13
BC12-15,7/26/18,5.16-6.22,7,15,14
BC14-3,7/26/18,5.16-6.22,7,15,15
BC14-8,7/27/18,9.06-10.13,1,15,1
BC15-1,7/27/18,9.06-10.13,1,15,3
BC14-14,7/27/18,9.06-10.13,1,14,4
BC14-14,7/27/18,9.06-10.13,1,14,5
BC14-2,7/27/18,9.06-10.13,1,17,6
BC14-5,7/27/18,9.06-10.13,1,15,7
BC14-4,7/27/18,9.06-10.13,1,16,8
BC15-14,7/27/18,9.06-10.13,1,16,9
BC15-8,7/27/18,9.06-10.13,1,19,10
BC15-10,7/27/18,9.06-10.13,1,17,11
BC15-4,7/27/18,9.06-10.13,1,16,12
BC15-12,7/27/18,9.06-10.13,1,16,13
BC15-13,7/27/18,9.06-10.13,1,17,14
BC15-9,7/27/18,9.06-10.13,1,19,15
BC13-15,7/27/18,10.24-11.29,2,15,1
BC13-4,7/27/18,10.24-11.29,2,17.5,3
BC13-8,7/27/18,10.24-11.29,2,18,4
BC13-9,7/27/18,10.24-11.29,2,19,5
BC15-5,7/27/18,10.24-11.29,2,15,6
BC13-1,7/27/18,10.24-11.29,2,17,7
BC15-3,7/27/18,10.24-11.29,2,18,8
BC13-6,7/27/18,10.24-11.29,2,16.5,9
BC13-2,7/27/18,10.24-11.29,2,16,10
BC13-7,7/27/18,10.24-11.29,2,15,11
BC13-10,7/27/18,10.24-11.29,2,18,12
BC13-3,7/27/18,10.24-11.29,2,17,13
BC2-1,7/27/18,10.24-11.29,2,15,14
BC2-3,7/27/18,10.24-11.29,2,16,15
BC2-2,7/27/18,11.47-12.53,3,16.5,1
BC2-14,7/27/18,11.47-12.53,3,17.5,3
BC2-6,7/27/18,11.47-12.53,3,15,4
BC3-13,7/27/18,11.47-12.53,3,16.5,5
BC3-4,7/27/18,11.47-12.53,3,16.5,6
BC3-11,7/27/18,11.47-12.53,3,17,7
BC2-12,7/27/18,11.47-12.53,3,17,8
BC3-6,7/27/18,11.47-12.53,3,15,9
BC3-15,7/27/18,11.47-12.53,3,16.5,10
BC3-1,7/27/18,11.47-12.53,3,18,11
BC2-8,7/27/18,11.47-12.53,3,17,12
BC2-9,7/27/18,11.47-12.53,3,16,13
BC2-11,7/27/18,11.47-12.53,3,16.5,14
BC2-4,7/27/18,11.47-12.53,3,17,15
BC3-12,7/27/18,1.07-2.13,4,15,1
BC4-10,7/27/18,1.07-2.13,4,15,3
BC4-4,7/27/18,1.07-2.13,4,17,4
BC4-11,7/27/18,1.07-2.13,4,15,5
BC3-9,7/27/18,1.07-2.13,4,16.5,6
BC3-8,7/27/18,1.07-2.13,4,17,7
BC3-10,7/27/18,1.07-2.13,4,17,8
BC4-1,7/27/18,1.07-2.13,4,16,9
BC4-6,7/27/18,1.07-2.13,4,15,10
BC4-14,7/27/18,1.07-2.13,4,15,11
BC4-3,7/27/18,1.07-2.13,4,15,12
BC4-2,7/27/18,1.07-2.13,4,17.5,13
BC4-5,7/27/18,1.07-2.13,4,15,14
BC4-7,7/27/18,1.07-2.13,4,15,15
BC12-8,7/31/18,7.59-9.04,1,16.5,1
BC12-12,7/31/18,7.59-9.04,1,15,3
BC12-2,7/31/18,7.59-9.04,1,15.5,4
BC12-11,7/31/18,7.59-9.04,1,15,5
BC12-15,7/31/18,7.59-9.04,1,15,6
BC14-3,7/31/18,7.59-9.04,1,15,7
BC14-1,7/31/18,7.59-9.04,1,15,8
BC12-6,7/31/18,7.59-9.04,1,17,9
BC12-9,7/31/18,7.59-9.04,1,17,10
BC12-7,7/31/18,7.59-9.04,1,15,11
BC14-10,7/31/18,7.59-9.04,1,15,12
BC12-10,7/31/18,7.59-9.04,1,17,13
BC14-2,7/31/18,7.59-9.04,1,17,14
BC12-5,7/31/18,7.59-9.04,1,17,15
BC12-8,7/31/18,9.34-10.43,2,14.2,1
BC12-12,7/31/18,9.34-10.43,2,12.1,3
BC12-2,7/31/18,9.34-10.43,2,13.5,4
BC12-11,7/31/18,9.34-10.43,2,11,5
BC12-15,7/31/18,9.34-10.43,2,11.5,6
BC14-3,7/31/18,9.34-10.43,2,13,7
BC14-1,7/31/18,9.34-10.43,2,12.5,8
BC12-6,7/31/18,9.34-10.43,2,17,9
BC12-9,7/31/18,9.34-10.43,2,17,10
BC12-7,7/31/18,9.34-10.43,2,15,11
BC14-10,7/31/18,9.34-10.43,2,15,12
BC12-10,7/31/18,9.34-10.43,2,17,13
BC14-2,7/31/18,9.34-10.43,2,17,14
BC12-5,7/31/18,9.34-10.43,2,17,15
BC14-7,7/31/18,11.37-12.53,3,15,1
BC15-10,7/31/18,11.37-12.53,3,17,3
BC15-5,7/31/18,11.37-12.53,3,15,4
BC14-4,7/31/18,11.37-12.53,3,16,5
BC15-8,7/31/18,11.37-12.53,3,19,6
BC14-8*,7/31/18,11.37-12.53,3,15,7
BC15-12,7/31/18,11.37-12.53,3,16,8
BC14-2,7/31/18,11.37-12.53,3,17,9
BC15-14,7/31/18,11.37-12.53,3,16,10
BC15-1,7/31/18,11.37-12.53,3,15,11
BC15-4,7/31/18,11.37-12.53,3,16,12
BC14-14,7/31/18,11.37-12.53,3,14,13
BC14-15,7/31/18,11.37-12.53,3,15,14
BC15-9,7/31/18,11.37-12.53,3,19,15
BC14-7,7/31/18,2.58-4.04,4,12,1
BC15-10,7/31/18,2.58-4.04,4,13.5,3
BC15-5,7/31/18,2.58-4.04,4,11,4
BC14-4,7/31/18,2.58-4.04,4,16,5
BC15-8,7/31/18,2.58-4.04,4,15,6
BC14-8,7/31/18,2.58-4.04,4,11.5,7
BC15-12,7/31/18,2.58-4.04,4,13,8
BC14-2,7/31/18,2.58-4.04,4,17,9
BC15-14,7/31/18,2.58-4.04,4,16,10
BC15-1,7/31/18,2.58-4.04,4,15,11
BC15-4,7/31/18,2.58-4.04,4,16,12
BC14-14,7/31/18,2.58-4.04,4,14,13
BC14-15,7/31/18,2.58-4.04,4,15,14
BC15-9,7/31/18,2.58-4.04,4,19,15
BC15-13,7/31/18,5.04-5.34,5,17,3
Water,7/31/18,5.04-5.34,5,13,5
BC15-3,7/31/18,5.04-5.34,5,18,6
BC15-3,7/31/18,5.51-6.09,6,18,1
BC15-13,7/31/18,5.51-6.09,6,17,4
BC12-15,8/1/18,8.55-10.01,1,15,1
BC12-12,8/1/18,8.55-10.01,1,15,3
BC12-8,8/1/18,8.55-10.01,1,16.5,4
BC14-8,8/1/18,8.55-10.01,1,15,5
BC14-4,8/1/18,8.55-10.01,1,16,6
BC12-2,8/1/18,8.55-10.01,1,15.5,7
BC12-11,8/1/18,8.55-10.01,1,15,8
BC12-6,8/1/18,8.55-10.01,1,17,9
BC14-14,8/1/18,8.55-10.01,1,14,10
BC12-9,8/1/18,8.55-10.01,1,17,11
BC12-10,8/1/18,8.55-10.01,1,17,12
BC12-5,8/1/18,8.55-10.01,1,17,13
BC14-2,8/1/18,8.55-10.01,1,17,14
BC12-7,8/1/18,8.55-10.01,1,15,15
BC14-3,8/1/18,10.32-11.37,2,15,1
BC15-8,8/1/18,10.32-11.37,2,19,3
BC15-5,8/1/18,10.32-11.37,2,15,4
BC15-10,8/1/18,10.32-11.37,2,17,5
BC15-13,8/1/18,10.32-11.37,2,17,6
BC14-7,8/1/18,10.32-11.37,2,15,7
BC14-1,8/1/18,10.32-11.37,2,15,8
BC15-9,8/1/18,10.32-11.37,2,19,9
BC15-4,8/1/18,10.32-11.37,2,16,10
BC15-3,8/1/18,10.32-11.37,2,18,11
BC15-1,8/1/18,10.32-11.37,2,15,12
BC14-15,8/1/18,10.32-11.37,2,15,13
BC14-5,8/1/18,10.32-11.37,2,15,14
BC14-10,8/1/18,10.32-11.37,2,15,15
BC13-1,8/1/18,12.13-1.18,3,17,1
BC2-9,8/1/18,12.13-1.18,3,16,3
BC13-4,8/1/18,12.13-1.18,3,17.5,4
BC13-8,8/1/18,12.13-1.18,3,18,5
BC2-11,8/1/18,12.13-1.18,3,16.5,6
BC13-6,8/1/18,12.13-1.18,3,16.5,7
BC13-2,8/1/18,12.13-1.18,3,16,8
BC13-15,8/1/18,12.13-1.18,3,15,9
BC13-9,8/1/18,12.13-1.18,3,19,10
BC13-3,8/1/18,12.13-1.18,3,17,11
BC13-7,8/1/18,12.13-1.18,3,15,12
BC13-10,8/1/18,12.13-1.18,3,18,13
BC2-14,8/1/18,12.13-1.18,3,17.5,14
BC2-8,8/1/18,12.13-1.18,3,17,15
BC3-10,8/1/18,1.46-2.52,4,17,1
BC3-12,8/1/18,1.46-2.52,4,15,3
BC3-11,8/1/18,1.46-2.52,4,17,4
BC2-2,8/1/18,1.46-2.52,4,16.5,5
BC2-12,8/1/18,1.46-2.52,4,17,6
BC2-1,8/1/18,1.46-2.52,4,15,7
BC3-1,8/1/18,1.46-2.52,4,18,8
BC3-6,8/1/18,1.46-2.52,4,15,9
BC3-8,8/1/18,1.46-2.52,4,17,10
BC2-4,8/1/18,1.46-2.52,4,17,11
BC3-9,8/1/18,1.46-2.52,4,16.5,12
BC3-15,8/1/18,1.46-2.52,4,16.5,13
BC2-3,8/1/18,1.46-2.52,4,16,14
BC2-6,8/1/18,1.46-2.52,4,15,15
BC4-6,8/1/18,3.47-4.52,5,15,1
BC4-4,8/1/18,3.47-4.52,5,17,3
BC4-14,8/1/18,3.47-4.52,5,15,4
BC4-2,8/1/18,3.47-4.52,5,17.5,5
BC3-4,8/1/18,3.47-4.52,5,16.5,6
BC4-5,8/1/18,3.47-4.52,5,15,7
BC15-12,8/1/18,3.47-4.52,5,16,8
BC4-1,8/1/18,3.47-4.52,5,16,9
BC4-10,8/1/18,3.47-4.52,5,15,10
BC15-14,8/1/18,3.47-4.52,5,16,11
BC4-7,8/1/18,3.47-4.52,5,15,12
BC4-11,8/1/18,3.47-4.52,5,15,13
BC4-13,8/1/18,3.47-4.52,5,15.5,14
BC3-13,8/1/18,3.47-4.52,5,16.5,15
BC12-12,8/2/18,8.53-9.59,1,14,1
BC12-11,8/2/18,8.53-9.59,1,15,3
BC14-7,8/2/18,8.53-9.59,1,15,4
BC12-15,8/2/18,8.53-9.59,1,15,5
BC14-3,8/2/18,8.53-9.59,1,15,6
BC12-8,8/2/18,8.53-9.59,1,15,7
BC12-2,8/2/18,8.53-9.59,1,15.5,8
BC12-9,8/2/18,8.53-9.59,1,17,9
BC14-10,8/2/18,8.53-9.59,1,15,10
BC14-5,8/2/18,8.53-9.59,1,15,11
BC12-7,8/2/18,8.53-9.59,1,15,12
BC12-6,8/2/18,8.53-9.59,1,17,13
BC12-5,8/2/18,8.53-9.59,1,17,14
BC12-10,8/2/18,8.53-9.59,1,17,15
BC12-12,8/2/18,10.19-11.27,2,15,1
BC12-11,8/2/18,10.19-11.27,2,15,3
BC14-7,8/2/18,10.19-11.27,2,15,4
BC12-15,8/2/18,10.19-11.27,2,15,5
BC14-3,8/2/18,10.19-11.27,2,15,6
BC12-8,8/2/18,10.19-11.27,2,16.5,7
BC12-2,8/2/18,10.19-11.27,2,15.5,8
BC12-9,8/2/18,10.19-11.27,2,17,9
BC14-10,8/2/18,10.19-11.27,2,15,10
BC14-5,8/2/18,10.19-11.27,2,15,11
BC12-7,8/2/18,10.19-11.27,2,15,12
BC12-6,8/2/18,10.19-11.27,2,17,13
BC12-5,8/2/18,10.19-11.27,2,17,14
BC12-10,8/2/18,10.19-11.27,2,17,15
BC15-12,8/2/18,11.46-12.51,3,16,1
BC15-8,8/2/18,11.46-12.51,3,19,3
BC15-13,8/2/18,11.46-12.51,3,17,4
BC15-10,8/2/18,11.46-12.51,3,17,5
BC14-8,8/2/18,11.46-12.51,3,15,6
BC14-4,8/2/18,11.46-12.51,3,16,7
BC14-1,8/2/18,11.46-12.51,3,15,8
BC15-4,8/2/18,11.46-12.51,3,16,9
BC14-2,8/2/18,11.46-12.51,3,17,10
BC15-1,8/2/18,11.46-12.51,3,15,11
BC15-9,8/2/18,11.46-12.51,3,19,12
BC14-15,8/2/18,11.46-12.51,3,15,13
BC14-14,8/2/18,11.46-12.51,3,14,14
BC15-14,8/2/18,11.46-12.51,3,16,15
BC15-12,8/2/18,1.08-2.14,4,16,1
BC15-8,8/2/18,1.08-2.14,4,19,3
BC15-13,8/2/18,1.08-2.14,4,17,4
BC15-10,8/2/18,1.08-2.14,4,17,5
BC14-8,8/2/18,1.08-2.14,4,15,6
BC14-4,8/2/18,1.08-2.14,4,16,7
BC14-1,8/2/18,1.08-2.14,4,15,8
BC15-4,8/2/18,1.08-2.14,4,16,9
BC14-2,8/2/18,1.08-2.14,4,17,10
BC15-1,8/2/18,1.08-2.14,4,15,11
BC15-9,8/2/18,1.08-2.14,4,19,12
BC14-15,8/2/18,1.08-2.14,4,15,13
BC14-14,8/2/18,1.08-2.14,4,14,14
BC15-14,8/2/18,1.08-2.14,4,16,15
BC15-5,8/2/18,3.02-3.21,5,15,1
BC15-3,8/2/18,3.02-3.21,5,18,3
BC15-5,8/2/18,3.35-3.52,6,15,1
BC15-3,8/2/18,3.35-3.52,6,18,3
BC12-2,8/3/18,9.18-10.25,1,15.5,1
BC12-8,8/3/18,9.18-10.25,1,16.5,3
BC14-1,8/3/18,9.18-10.25,1,15,4
BC12-11,8/3/18,9.18-10.25,1,15,5
BC12-15,8/3/18,9.18-10.25,1,15,6
BC12-12,8/3/18,9.18-10.25,1,15,7
BC14-4,8/3/18,9.18-10.25,1,16,8
BC14-15,8/3/18,9.18-10.25,1,15,9
BC12-10,8/3/18,9.18-10.25,1,17,10
BC14-2,8/3/18,9.18-10.25,1,17,11
BC12-9,8/3/18,9.18-10.25,1,17,12
BC12-6,8/3/18,9.18-10.25,1,17,13
BC12-7,8/3/18,9.18-10.25,1,15,14
BC12-5,8/3/18,9.18-10.25,1,17,15
BC15-13,8/3/18,10.37-11.43,2,17,1
BC14-3,8/3/18,10.37-11.43,2,15,3
BC14-8,8/3/18,10.37-11.43,2,15,4
BC15-5,8/3/18,10.37-11.43,2,15,5
BC15-8,8/3/18,10.37-11.43,2,19,6
BC15-10,8/3/18,10.37-11.43,2,17,7
BC14-7,8/3/18,10.37-11.43,2,15,8
BC15-3,8/3/18,10.37-11.43,2,18,9
BC14-5,8/3/18,10.37-11.43,2,15,10
BC15-1,8/3/18,10.37-11.43,2,15,11
BC14-14,8/3/18,10.37-11.43,2,14,12
BC15-14,8/3/18,10.37-11.43,2,16,13
BC15-9,8/3/18,10.37-11.43,2,19,14
BC14-10,8/3/18,10.37-11.43,2,15,15
BC15-4,8/3/18,11.47-12.06,3,16,1
BC15-12,8/3/18,11.47-12.06,3,16,3
BC2-11,8/7/18,8.53-9.59,1,16.5,1
BC2-9,8/7/18,8.53-9.59,1,16,3
BC3-12,8/7/18,8.53-9.59,1,15,4
BC3-12,8/7/18,8.53-9.59,1,15,5
BC2-12,8/7/18,8.53-9.59,1,17,6
BC2-1,8/7/18,8.53-9.59,1,15,7
BC2-2,8/7/18,8.53-9.59,1,16.5,8
BC2-8,8/7/18,8.53-9.59,1,17,9
BC3-15,8/7/18,8.53-9.59,1,16.5,10
BC3-13,8/7/18,8.53-9.59,1,16.5,11
BC2-14,8/7/18,8.53-9.59,1,17.5,12
BC2-3,8/7/18,8.53-9.59,1,16,13
BC2-4,8/7/18,8.53-9.59,1,17,14
BC2-6,8/7/18,8.53-9.59,1,15,15
BC4-2,8/7/18,10.26-11.34,2,17.5,1
BC3-11,8/7/18,10.26-11.34,2,17,3
BC4-4,8/7/18,10.26-11.34,2,17,4
BC3-4,8/7/18,10.26-11.34,2,16.5,5
BC4-5,8/7/18,10.26-11.34,2,15,6
BC4-14,8/7/18,10.26-11.34,2,15,7
BC3-10,8/7/18,10.26-11.34,2,17,8
BC3-8,8/7/18,10.26-11.34,2,17,9
BC3-6,8/7/18,10.26-11.34,2,15,10
BC4-13,8/7/18,10.26-11.34,2,15.5,11
BC3-9,8/7/18,10.26-11.34,2,16.5,12
BC4-1,8/7/18,10.26-11.34,2,16,13
BC4-7,8/7/18,10.26-11.34,2,15,14
BC4-11,8/7/18,10.26-11.34,2,15,15
BC12-10,8/7/18,12.05-1.12,3,17,1
BC15-4,8/7/18,12.05-1.12,3,16,3
BC15-14,8/7/18,12.05-1.12,3,16,4
BC15-9,8/7/18,12.05-1.12,3,19,5
BC15-14,8/7/18,12.05-1.12,3,16,6
BC4-10,8/7/18,12.05-1.12,3,15,7
BC15-3,8/7/18,12.05-1.12,3,18,8
BC4-6,8/7/18,12.05-1.12,3,15,9
BC15-5,8/7/18,12.05-1.12,3,15,10
BC12-11,8/7/18,12.05-1.12,3,15,11
BC15-13,8/7/18,12.05-1.12,3,17,12
BC15-10,8/7/18,12.05-1.12,3,17,13
BC15-12,8/7/18,12.05-1.12,3,16,14
BC15-8,8/7/18,12.05-1.12,3,19,15
BC12-7,8/7/18,1.30-2.36,4,15,1
BC12-6,8/7/18,1.30-2.36,4,17,3
BC14-2,8/7/18,1.30-2.36,4,17,4
BC12-5,8/7/18,1.30-2.36,4,17,5
BC14-5,8/7/18,1.30-2.36,4,15,6
BC12-9,8/7/18,1.30-2.36,4,17,7
BC14-14,8/7/18,1.30-2.36,4,14,8
BC14-3,8/7/18,1.30-2.36,4,15,9
BC12-8,8/7/18,1.30-2.36,4,16.5,10
BC14-4,8/7/18,1.30-2.36,4,16,11
BC14-1,8/7/18,1.30-2.36,4,15,12
BC12-12,8/7/18,1.30-2.36,4,15,13
BC12-2,8/7/18,1.30-2.36,4,15.5,14
BC12-15,8/7/18,1.30-2.36,4,15,15
BC13-3,8/7/18,3.13-4.22,5,17,1
BC13-10,8/7/18,3.13-4.22,5,18,3
BC13-15,8/7/18,3.13-4.22,5,15,4
BC13-9,8/7/18,3.13-4.22,5,19,5
BC14-15,8/7/18,3.13-4.22,5,15,6
BC13-7,8/7/18,3.13-4.22,5,15,7
BC14-10,8/7/18,3.13-4.22,5,15,8
BC14-8,8/7/18,3.13-4.22,5,15,9
BC14-7,8/7/18,3.13-4.22,5,15,10
BC13-6,8/7/18,3.13-4.22,5,16.5,11
BC13-1,8/7/18,3.13-4.22,5,17,12
BC13-8,8/7/18,3.13-4.22,5,18,13
BC13-4,8/7/18,3.13-4.22,5,17.5,14
BC13-2,8/7/18,3.13-4.22,5,16,15
BC15-10,8/10/18,8.34-9.41,1,17,1
BC15-5,8/10/18,8.34-9.41,1,15,3
BC2-1,8/10/18,8.34-9.41,1,15,4
BC2-12,8/10/18,8.34-9.41,1,17,5
BC15-12,8/10/18,8.34-9.41,1,16,6
BC15-13,8/10/18,8.34-9.41,1,17,7
BC15-8,8/10/18,8.34-9.41,1,19,8
BC2-14,8/10/18,8.34-9.41,1,17.5,9
BC15-9,8/10/18,8.34-9.41,1,19,10
BC15-14,8/10/18,8.34-9.41,1,16,11
BC15-3,8/10/18,8.34-9.41,1,18,12
BC15-4,8/10/18,8.34-9.41,1,16,13
BC15-1,8/10/18,8.34-9.41,1,15,14
BC2-4,8/10/18,8.34-9.41,1,17,15
BC3-4,8/10/18,10.04-11.09,2,16.5,1
BC2-2,8/10/18,10.04-11.09,2,16.5,3
BC2-9,8/10/18,10.04-11.09,2,16,4
BC3-10,8/10/18,10.04-11.09,2,17,5
BC3-12,8/10/18,10.04-11.09,2,15,6
BC2-11,8/10/18,10.04-11.09,2,16.5,7
BC3-11,8/10/18,10.04-11.09,2,17,8
BC3-9,8/10/18,10.04-11.09,2,16.5,9
BC2-8,8/10/18,10.04-11.09,2,17,10
BC3-8,8/10/18,10.04-11.09,2,17,11
BC2-3,8/10/18,10.04-11.09,2,16,12
BC2-6,8/10/18,10.04-11.09,2,15,13
BC3-6,8/10/18,10.04-11.09,2,15,14
BC3-15,8/10/18,10.04-11.09,2,16.5,15
BC3-13,8/10/18,11.30-12.37,3,16.5,1
BC4-10,8/10/18,11.30-12.37,3,15,3
BC4-10,8/10/18,11.30-12.37,3,15,4
BC12-7,8/10/18,11.30-12.37,3,15,5
BC4-11,8/10/18,11.30-12.37,3,15,6
BC4-7,8/10/18,11.30-12.37,3,15,7
BC4-13,8/10/18,11.30-12.37,3,15.5,8
BC4-4,8/10/18,11.30-12.37,3,17,9
BC4-2,8/10/18,11.30-12.37,3,17.5,10
BC4-6,8/10/18,11.30-12.37,3,15,11
BC12-15,8/10/18,11.30-12.37,3,15,12
BC4-5,8/10/18,11.30-12.37,3,15,13
BC4-14,8/10/18,11.30-12.37,3,15,14
BC3-1,8/10/18,11.30-12.37,3,18,15
BC12-9,8/10/18,12.55-2.03,4,17,1
BC12-5,8/10/18,12.55-2.03,4,17,3
BC14-15,8/10/18,12.55-2.03,4,15,4
BC12-10,8/10/18,12.55-2.03,4,17,5
BC12-6,8/10/18,12.55-2.03,4,17,6
BC14-2,8/10/18,12.55-2.03,4,17,7
BC14-10,8/10/18,12.55-2.03,4,15,8
BC14-3,8/10/18,12.55-2.03,4,15,9
BC12-11,8/10/18,12.55-2.03,4,15,10
BC12-8,8/10/18,12.55-2.03,4,16.5,11
BC14-7,8/10/18,12.55-2.03,4,15,12
BC12-12,8/10/18,12.55-2.03,4,15,13
BC12-2,8/10/18,12.55-2.03,4,15.5,14
BC14-8,8/10/18,12.55-2.03,4,15,15
BC13-10,8/10/18,2.35-3.41,5,18,1
BC13-3,8/10/18,2.35-3.41,5,17,3
BC13-9,8/10/18,2.35-3.41,5,19,4
BC13-7,8/10/18,2.35-3.41,5,15,5
BC13-15,8/10/18,2.35-3.41,5,15,6
BC14-14,8/10/18,2.35-3.41,5,14,7
BC14-5,8/10/18,2.35-3.41,5,15,8
BC13-6,8/10/18,2.35-3.41,5,16.5,9
BC13-1,8/10/18,2.35-3.41,5,17,10
BC14-1,8/10/18,2.35-3.41,5,15,11
BC13-4,8/10/18,2.35-3.41,5,17.5,12
BC14-4,8/10/18,2.35-3.41,5,16,13
BC13-8,8/10/18,2.35-3.41,5,18,14
BC13-2,8/10/18,2.35-3.41,5,16,15
BC12-8,8/13/18,7.41-8.52,1,16.5,1
BC12-12,8/13/18,7.41-8.52,1,15,3
BC12-6,8/13/18,7.41-8.52,1,17,4
BC12-15,8/13/18,7.41-8.52,1,15,5
BC12-11,8/13/18,7.41-8.52,1,15,6
BC12-10,8/13/18,7.41-8.52,1,17,7
BC12-2,8/13/18,7.41-8.52,1,15.5,8
BC12-7,8/13/18,7.41-8.52,1,15,9
BC13-6,8/13/18,7.41-8.52,1,16.5,10
BC12-9,8/13/18,7.41-8.52,1,17,11
BC13-7,8/13/18,7.41-8.52,1,15,12
BC13-9,8/13/18,7.41-8.52,1,19,13
BC12-5,8/13/18,7.41-8.52,1,17,14
BC13-4,8/13/18,7.41-8.52,1,17.5,15
BC13-10,8/13/18,9.05-10.20,2,18,1
BC13-15,8/13/18,9.05-10.20,2,15,3
BC13-3,8/13/18,9.05-10.20,2,17,4
BC13-8,8/13/18,9.05-10.20,2,18,5
BC14-15,8/13/18,9.05-10.20,2,15,6
BC13-1,8/13/18,9.05-10.20,2,17,7
BC13-13,8/13/18,9.05-10.20,2,15,8
BC14-5,8/13/18,9.05-10.20,2,15,9
BC14-4,8/13/18,9.05-10.20,2,16,10
BC14-3,8/13/18,9.05-10.20,2,15,11
BC14-1,8/13/18,9.05-10.20,2,15,12
BC14-2,8/13/18,9.05-10.20,2,17,13
BC14-8,8/13/18,9.05-10.20,2,15,14
BC14-10,8/13/18,9.05-10.20,2,15,15
BC14-10,8/13/18,10.41-11.15,3,15,1
BC14-7,8/13/18,10.41-11.15,3,15,3
BC2-6,8/14/18,9.17-10.22,1,15,1
BC2-8,8/14/18,9.17-10.22,1,17,3
BC3-9,8/14/18,9.17-10.22,1,16.5,4
BC3-1,8/14/18,9.17-10.22,1,18,5
BC3-6,8/14/18,9.17-10.22,1,15,6
BC2-12,8/14/18,9.17-10.22,1,17,7
BC3-12,8/14/18,9.17-10.22,1,15,8
BC2-2,8/14/18,9.17-10.22,1,16.5,9
BC2-9,8/14/18,9.17-10.22,1,16,10
BC2-4,8/14/18,9.17-10.22,1,17,11
BC2-14,8/14/18,9.17-10.22,1,17.5,12
BC2-1,8/14/18,9.17-10.22,1,15,13
BC2-11,8/14/18,9.17-10.22,1,16.5,14
BC2-3,8/14/18,9.17-10.22,1,16,15
BC2-6,8/14/18,10.35-11.40,2,15,1
BC2-8,8/14/18,10.35-11.40,2,17,3
BC3-9,8/14/18,10.35-11.40,2,16.5,4
BC3-1,8/14/18,10.35-11.40,2,14,5
BC3-6,8/14/18,10.35-11.40,2,15,6
BC2-12,8/14/18,10.35-11.40,2,13.4,7
BC3-12,8/14/18,10.35-11.40,2,11.9,8
BC2-2,8/14/18,10.35-11.40,2,13.2,9
BC2-9,8/14/18,10.35-11.40,2,13,10
BC2-4,8/14/18,10.35-11.40,2,17,11
BC2-14,8/14/18,10.35-11.40,2,17.5,12
BC2-1,8/14/18,10.35-11.40,2,15,13
BC2-11,8/14/18,10.35-11.40,2,13.8,14
BC2-3,8/14/18,10.35-11.40,2,12.2,15
BC4-4,8/14/18,11.50-12.54,3,17,1
BC4-2,8/14/18,11.50-12.54,3,17.5,3
BC3-4,8/14/18,11.50-12.54,3,16.5,4
BC4-5,8/14/18,11.50-12.54,3,15,5
BC3-11,8/14/18,11.50-12.54,3,17,6
BC3-10,8/14/18,11.50-12.54,3,17,7
BC4-6,8/14/18,11.50-12.54,3,15,8
BC4-7,8/14/18,11.50-12.54,3,15,9
BC4-13,8/14/18,11.50-12.54,3,15.5,10
BC4-1,8/14/18,11.50-12.54,3,16,11
BC3-8,8/14/18,11.50-12.54,3,17,12
BC3-13,8/14/18,11.50-12.54,3,16.5,13
BC4-10,8/14/18,11.50-12.54,3,15,14
BC3-15,8/14/18,11.50-12.54,3,16.5,15
BC4-4,8/14/18,1.13-2.20,4,13.4,1
BC4-2,8/14/18,1.13-2.20,4,13.7,3
BC3-4,8/14/18,1.13-2.20,4,12.2,4
BC4-5,8/14/18,1.13-2.20,4,12,5
BC3-11,8/14/18,1.13-2.20,4,13.2,6
BC3-10,8/14/18,1.13-2.20,4,15,7
BC4-6,8/14/18,1.13-2.20,4,15,8
BC4-7,8/14/18,1.13-2.20,4,15,9
BC4-13,8/14/18,1.13-2.20,4,15.5,10
BC4-1,8/14/18,1.13-2.20,4,16,11
BC3-8,8/14/18,1.13-2.20,4,17,12
BC3-13,8/14/18,1.13-2.20,4,16.5,13
BC4-10,8/14/18,1.13-2.20,4,15,14
BC3-15,8/14/18,1.13-2.20,4,16.5,15
BC15-10,8/14/18,2.39-3.42,5,17,1
BC15-5,8/14/18,2.39-3.42,5,15,3
SEAWATER,8/14/18,2.39-3.42,5,15,4
BC15-13,8/14/18,2.39-3.42,5,17,5
BC4-14,8/14/18,2.39-3.42,5,15,6
BC15-8,8/14/18,2.39-3.42,5,19,7
BC15-12,8/14/18,2.39-3.42,5,16,8
BC15-3,8/14/18,2.39-3.42,5,18,9
BC4-11,8/14/18,2.39-3.42,5,15,10
BC15-9,8/14/18,2.39-3.42,5,19,11
BC15-1,8/14/18,2.39-3.42,5,15,12
BC15-4,8/14/18,2.39-3.42,5,16,13
BC15-14,8/14/18,2.39-3.42,5,16,14
BC15-10,8/14/18,3.53-4.58,6,17,1
BC15-5,8/14/18,3.53-4.58,6,15,3
SEAWATER,8/14/18,3.53-4.58,6,15,4
BC15-13,8/14/18,3.53-4.58,6,17,5
BC4-14,8/14/18,3.53-4.58,6,15,6
BC15-8,8/14/18,3.53-4.58,6,19,7
BC15-12,8/14/18,3.53-4.58,6,16,8
BC15-3,8/14/18,3.53-4.58,6,18,9
BC4-11,8/14/18,3.53-4.58,6,15,10
BC15-9,8/14/18,3.53-4.58,6,19,11
BC15-1,8/14/18,3.53-4.58,6,15,12
BC15-4,8/14/18,3.53-4.58,6,16,13
BC15-14,8/14/18,3.53-4.58,6,16,14
BC2-11,8/15/18,8.29-9.30,1,16.5,1
BC3-4,8/15/18,8.29-9.30,1,16.5,3
BC2-11,8/15/18,8.29-9.30,1,16.5,4
BC3-11,8/15/18,8.29-9.30,1,17,5
BC2-9,8/15/18,8.29-9.30,1,16,6
BC2-12,8/15/18,8.29-9.30,1,17,7
BC2-2,8/15/18,8.29-9.30,1,16.5,8
BC3-13,8/15/18,8.29-9.30,1,16.5,9
BC2-8,8/15/18,8.29-9.30,1,17,10
BC3-8,8/15/18,8.29-9.30,1,17,11
BC2-4,8/15/18,8.29-9.30,1,17,12
BC2-6,8/15/18,8.29-9.30,1,15,13
BC2-14,8/15/18,8.29-9.30,1,17.5,14
BC2-3,8/15/18,8.29-9.30,1,16,15
BC4-2,8/15/18,9.57-11.02,2,17.5,1
BC3-10,8/15/18,9.57-11.02,2,17,3
BC4-14,8/15/18,9.57-11.02,2,15,4
BC4-5,8/15/18,9.57-11.02,2,15,5
BC4-4,8/15/18,9.57-11.02,2,17,6
BC3-10,8/15/18,9.57-11.02,2,17,7
BC3-12,8/15/18,9.57-11.02,2,15,8
BC3-9,8/15/18,9.57-11.02,2,16.5,9
BC4-11,8/15/18,9.57-11.02,2,15,10
BC4-13,8/15/18,9.57-11.02,2,15.5,11
BC4-7,8/15/18,9.57-11.02,2,15,12
BC3-6,8/15/18,9.57-11.02,2,15,13
BC3-15,8/15/18,9.57-11.02,2,16.5,14
BC4-1,8/15/18,9.57-11.02,2,16,15
BC15-8,8/15/18,11.16-12.23,3,19,1
BC15-12,8/15/18,11.16-12.23,3,16,3
BC15-13,8/15/18,11.16-12.23,3,17,4
BC15-10,8/15/18,11.16-12.23,3,17,5
BC15-5,8/15/18,11.16-12.23,3,15,6
BC4-6,8/15/18,11.16-12.23,3,15,7
BC15-4,8/15/18,11.16-12.23,3,16,8
BC15-1,8/15/18,11.16-12.23,3,15,9
BC15-14,8/15/18,11.16-12.23,3,16,10
BC4-10,8/15/18,11.16-12.23,3,15,11
BC15-9,8/15/18,11.16-12.23,3,19,12
BC15-3,8/15/18,11.16-12.23,3,18,13
BC2-2,8/16/18,8.22-9.31 ,1,15,1
BC2-11,8/16/18,8.22-9.31 ,1,13.1,3
BC2-12,8/16/18,8.22-9.31 ,1,13.9,4
BC3-12,8/16/18,8.22-9.31 ,1,12,5
BC2-9,8/16/18,8.22-9.31 ,1,14.1,6
BC2-1,8/16/18,8.22-9.31 ,1,16.1,7
BC3-1,8/16/18,8.22-9.31 ,1,14.9,8
BC2-4,8/16/18,8.22-9.31 ,1,17,9
BC2-14,8/16/18,8.22-9.31 ,1,17.5,10
BC2-8,8/16/18,8.22-9.31 ,1,17,11
BC2-6,8/16/18,8.22-9.31 ,1,15,12
BC2-3,8/16/18,8.22-9.31 ,1,16,13
BC3-6,8/16/18,8.22-9.31 ,1,15,14
BC3-9,8/16/18,8.22-9.31 ,1,16.5,15
BC2-2,8/16/18,9.59-11.03,2,16.5,1
BC2-11,8/16/18,9.59-11.03,2,16.5,3
BC2-12,8/16/18,9.59-11.03,2,17,4
BC3-12,8/16/18,9.59-11.03,2,15,5
BC2-9,8/16/18,9.59-11.03,2,16,6
BC2-1,8/16/18,9.59-11.03,2,15,7
BC3-1,8/16/18,9.59-11.03,2,18,8
BC2-4,8/16/18,9.59-11.03,2,17,9
BC2-14,8/16/18,9.59-11.03,2,17.5,10
BC2-8,8/16/18,9.59-11.03,2,17,11
BC2-6,8/16/18,9.59-11.03,2,15,12
BC2-3,8/16/18,9.59-11.03,2,16,13
BC3-6,8/16/18,9.59-11.03,2,15,14
BC3-9,8/16/18,9.59-11.03,2,16.5,15
BC3-10,8/16/18,11.14-12.19,3,15.4,1
BC3-11,8/16/18,11.14-12.19,3,13.7,3
BC3-4,8/16/18,11.14-12.19,3,12.5,4
BC4-6,8/16/18,11.14-12.19,3,12.2,5
BC4-2,8/16/18,11.14-12.19,3,14.7,6
BC4-5,8/16/18,11.14-12.19,3,13.6,7
BC4-14,8/16/18,11.14-12.19,3,13.5,8
BC4-10,8/16/18,11.14-12.19,3,15,9
BC3-15,8/16/18,11.14-12.19,3,16.5,10
BC4-1,8/16/18,11.14-12.19,3,16,11
BC3-8,8/16/18,11.14-12.19,3,17,12
BC4-7,8/16/18,11.14-12.19,3,15,13
BC4-11,8/16/18,11.14-12.19,3,15,14
BC3-13,8/16/18,11.14-12.19,3,16.5,15
BC3-10,8/16/18,12.35-1.41,4,17,1
BC3-11,8/16/18,12.35-1.41,4,17,3
BC3-4,8/16/18,12.35-1.41,4,16.5,4
BC4-6,8/16/18,12.35-1.41,4,15,5
BC4-2,8/16/18,12.35-1.41,4,17.5,6
BC4-5,8/16/18,12.35-1.41,4,15,7
BC4-14,8/16/18,12.35-1.41,4,15,8
BC4-10,8/16/18,12.35-1.41,4,15,9
BC3-15,8/16/18,12.35-1.41,4,16.5,10
BC4-1,8/16/18,12.35-1.41,4,16,11
BC3-8,8/16/18,12.35-1.41,4,17,12
BC4-7,8/16/18,12.35-1.41,4,15,13
BC4-11,8/16/18,12.35-1.41,4,15,14
BC3-13,8/16/18,12.35-1.41,4,16.5,15
BC15-10,8/16/18,1.51-2.58,5,16.5,1
BC15-5,8/16/18,1.51-2.58,5,15,3
BC15-8,8/16/18,1.51-2.58,5,18,4
BC15-12,8/16/18,1.51-2.58,5,15,5
BC15-13,8/16/18,1.51-2.58,5,15.8,7
BC4-4,8/16/18,1.51-2.58,5,14.7,8
BC15-14,8/16/18,1.51-2.58,5,16,9
BC15-1,8/16/18,1.51-2.58,5,15,11
BC15-3,8/16/18,1.51-2.58,5,18,12
BC15-4,8/16/18,1.51-2.58,5,16,13
BC4-13,8/16/18,1.51-2.58,5,15.5,14
BC15-9,8/16/18,1.51-2.58,5,14.9,15
BC15-10,8/16/18,3.15-4.20,6,17,1
BC15-5,8/16/18,3.15-4.20,6,15,3
BC15-8,8/16/18,3.15-4.20,6,19,4
BC15-12,8/16/18,3.15-4.20,6,16,5
BC15-13,8/16/18,3.15-4.20,6,17,7
BC4-4,8/16/18,3.15-4.20,6,17,8
BC15-14,8/16/18,3.15-4.20,6,16,9
BC15-1,8/16/18,3.15-4.20,6,15,11
BC15-3,8/16/18,3.15-4.20,6,18,12
BC15-4,8/16/18,3.15-4.20,6,16,13
BC4-13,8/16/18,3.15-4.20,6,15.5,14
BC15-9,8/16/18,3.15-4.20,6,19,15
BC3-11,8/17/18,8.10-9.16,1,17,1
BC2-9,8/17/18,8.10-9.16,1,16,3
BC3-10,8/17/18,8.10-9.16,1,17,4
BC2-12,8/17/18,8.10-9.16,1,17,5
BC2-2,8/17/18,8.10-9.16,1,16.5,6
BC2-1,8/17/18,8.10-9.16,1,15,7
BC2-11,8/17/18,8.10-9.16,1,16.5,8
BC2-6,8/17/18,8.10-9.16,1,15,9
BC3-8,8/17/18,8.10-9.16,1,17,10
BC2-8,8/17/18,8.10-9.16,1,17,11
BC2-14,8/17/18,8.10-9.16,1,17.5,12
BC2-4,8/17/18,8.10-9.16,1,17,13
BC2-3,8/17/18,8.10-9.16,1,16,14
BC3-15,8/17/18,8.10-9.16,1,16.5,15
BC3-12,8/17/18,9.26-10.29,2,15,1
BC4-2,8/17/18,9.26-10.29,2,17.5,3
BC4-4,8/17/18,9.26-10.29,2,17,4
BC3-4,8/17/18,9.26-10.29,2,16.5,5
BC4-6,8/17/18,9.26-10.29,2,15,6
BC4-5,8/17/18,9.26-10.29,2,15,7
BC3-12,8/17/18,9.26-10.29,2,15,8
BC3-13,8/17/18,9.26-10.29,2,16.5,9
BC3-9,8/17/18,9.26-10.29,2,16.5,10
BC3-6,8/17/18,9.26-10.29,2,15,11
BC4-1,8/17/18,9.26-10.29,2,16,12
BC4-13,8/17/18,9.26-10.29,2,15.5,13
BC4-7,8/17/18,9.26-10.29,2,15,14
BC4-11,8/17/18,9.26-10.29,2,15,15
BC15-12,8/17/18,10.36-11.42,3,16,1
BC15-5,8/17/18,10.36-11.42,3,15,3
BC4-14,8/17/18,10.36-11.42,3,15,4
BC15-13,8/17/18,10.36-11.42,3,17,5
BC15-1,8/17/18,10.36-11.42,3,15,6
BC15-8,8/17/18,10.36-11.42,3,19,7
BC15-10,8/17/18,10.36-11.42,3,17,8
BC15-3,8/17/18,10.36-11.42,3,18,9
BC15-9,8/17/18,10.36-11.42,3,19,10
BC15-14,8/17/18,10.36-11.42,3,16,11
BC4-10,8/17/18,10.36-11.42,3,15,12
BC15-4,8/17/18,10.36-11.42,3,16,13
BC2-1,8/20/18,9.56-11.02,1,15,1
BC2-2,8/20/18,9.56-11.02,1,16.5,3
BC15-13,8/20/18,9.56-11.02,1,17,4
BC15-12,8/20/18,9.56-11.02,1,16,5
BC15-10,8/20/18,9.56-11.02,1,17,6
BC15-5,8/20/18,9.56-11.02,1,15,7
BC15-8,8/20/18,9.56-11.02,1,19,8
BC15-9,8/20/18,9.56-11.02,1,19,9
BC15-3,8/20/18,9.56-11.02,1,18,10
BC2-4,8/20/18,9.56-11.02,1,17,11
BC15-14,8/20/18,9.56-11.02,1,16,12
BC15-1,8/20/18,9.56-11.02,1,15,13
BC2-3,8/20/18,9.56-11.02,1,16,14
BC15-4,8/20/18,9.56-11.02,1,16,15
BC3-10,8/20/18,1.13-12.19,2,17,1
BC3-12,8/20/18,1.13-12.19,2,15,3
BC2-11,8/20/18,1.13-12.19,2,16.5,4
BC3-11,8/20/18,1.13-12.19,2,17,5
BC3-4,8/20/18,1.13-12.19,2,16.5,6
BC2-12,8/20/18,1.13-12.19,2,17,7
BC2-9,8/20/18,1.13-12.19,2,16,8
BC3-8,8/20/18,1.13-12.19,2,17,9
BC2-8,8/20/18,1.13-12.19,2,17,10
BC3-9,8/20/18,1.13-12.19,2,16.5,11
BC2-14,8/20/18,1.13-12.19,2,17.5,12
BC3-6,8/20/18,1.13-12.19,2,15,13
BC3-15,8/20/18,1.13-12.19,2,16.5,14
BC2-6,8/20/18,1.13-12.19,2,15,15
BC4-5,8/20/18,2.00-3.06,3,15,1
BC4-14,8/20/18,2.00-3.06,3,15,3
BC3-1,8/20/18,2.00-3.06,3,18,4
BC4-2,8/20/18,2.00-3.06,3,17.5,5
BC4-6,8/20/18,2.00-3.06,3,15,6
BC4-4,8/20/18,2.00-3.06,3,17,7
BC4-13,8/20/18,2.00-3.06,3,15.5,9
BC4-7,8/20/18,2.00-3.06,3,15,10
BC4-11,8/20/18,2.00-3.06,3,15,11
BC4-1,8/20/18,2.00-3.06,3,16,12
BC3-13,8/20/18,2.00-3.06,3,16.5,13
BC4-10,8/20/18,2.00-3.06,3,15,14
BC12-11,8/21/18,8.44-9.50,1,15,1
BC14-1,8/21/18,8.44-9.50,1,15,3
BC14-4,8/21/18,8.44-9.50,1,16,4
BC12-8,8/21/18,8.44-9.50,1,16.5,5
BC12-2,8/21/18,8.44-9.50,1,15.5,6
BC12-12,8/21/18,8.44-9.50,1,15,7
BC12-15,8/21/18,8.44-9.50,1,15,8
BC12-5,8/21/18,8.44-9.50,1,17,9
BC14-14,8/21/18,8.44-9.50,1,14,10
BC14-15,8/21/18,8.44-9.50,1,15,11
BC12-9,8/21/18,8.44-9.50,1,17,12
BC12-6,8/21/18,8.44-9.50,1,17,13
BC12-7,8/21/18,8.44-9.50,1,15,14
BC12-10,8/21/18,8.44-9.50,1,17,15
BC13-4,8/21/18,10.04-11.10,2,17.5,1
BC13-1,8/21/18,10.04-11.10,2,17,3
BC13-2,8/21/18,10.04-11.10,2,16,4
BC13-8,8/21/18,10.04-11.10,2,18,5
BC14-7,8/21/18,10.04-11.10,2,15,6
BC14-8,8/21/18,10.04-11.10,2,15,7
BC14-3,8/21/18,10.04-11.10,2,15,8
BC13-9,8/21/18,10.04-11.10,2,19,9
BC13-15,8/21/18,10.04-11.10,2,15,10
BC14-10,8/21/18,10.04-11.10,2,15,11
BC13-3,8/21/18,10.04-11.10,2,17,12
BC14-2,8/21/18,10.04-11.10,2,17,13
BC14-5,8/21/18,10.04-11.10,2,15,14
BC13-10,8/21/18,10.04-11.10,2,18,15
BC13-6,8/21/18,11.13-11.58,3,16.5,1
BC13-7,8/21/18,11.13-11.58,3,15,3
BC13-4,8/21/18,12.18-1.23,4,13.8,1
BC13-1,8/21/18,12.18-1.23,4,13.5,3
BC13-2,8/21/18,12.18-1.23,4,16,4
BC13-8,8/21/18,12.18-1.23,4,14.7,5
BC14-7,8/21/18,12.18-1.23,4,12,6
BC14-8,8/21/18,12.18-1.23,4,13,7
BC14-3,8/21/18,12.18-1.23,4,14.5,8
BC13-9,8/21/18,12.18-1.23,4,19,9
BC13-15,8/21/18,12.18-1.23,4,15,10
BC14-10,8/21/18,12.18-1.23,4,15,11
BC13-3,8/21/18,12.18-1.23,4,17,12
BC14-2,8/21/18,12.18-1.23,4,17,13
BC14-5,8/21/18,12.18-1.23,4,15,14
BC13-10,8/21/18,12.18-1.23,4,18,15
BC12-11,8/21/18,1.44-2.49,5,12,1
BC14-1,8/21/18,1.44-2.49,5,13,3
BC14-4,8/21/18,1.44-2.49,5,13.9,4
BC12-8,8/21/18,1.44-2.49,5,14.1,5
BC12-2,8/21/18,1.44-2.49,5,14.2,6
BC12-12,8/21/18,1.44-2.49,5,12.1,7
BC12-15,8/21/18,1.44-2.49,5,12.5,8
BC12-5,8/21/18,1.44-2.49,5,17,9
BC14-14,8/21/18,1.44-2.49,5,14,10
BC14-15,8/21/18,1.44-2.49,5,15,11
BC12-9,8/21/18,1.44-2.49,5,17,12
BC12-6,8/21/18,1.44-2.49,5,17,13
BC12-7,8/21/18,1.44-2.49,5,15,14
BC12-10,8/21/18,1.44-2.49,5,17,15
BC13-6,8/21/18,3.02-3.48,6,14.4,1
BC13-7,8/21/18,3.02-3.48,6,15,3
SEAWATER,8/21/18,3.02-3.48,6,15,4
BC14-1,8/22/18,10.46-11.51,1,15,1
BC14-4,8/22/18,10.46-11.51,1,16,3
BC12-15,8/22/18,10.46-11.51,1,15,4
BC12-2,8/22/18,10.46-11.51,1,15.5,5
BC12-12,8/22/18,10.46-11.51,1,15,6
BC12-11,8/22/18,10.46-11.51,1,15,7
BC12-8,8/22/18,10.46-11.51,1,16.5,8
BC14-14,8/22/18,10.46-11.51,1,14,9
BC12-6,8/22/18,10.46-11.51,1,17,10
BC12-7,8/22/18,10.46-11.51,1,15,11
BC12-9,8/22/18,10.46-11.51,1,17,12
BC14-15,8/22/18,10.46-11.51,1,15,13
BC12-10,8/22/18,10.46-11.51,1,17,14
BC12-5,8/22/18,10.46-11.51,1,17,15
BC13-2,8/22/18,12.03-1.11,2,16,1
BC14-7,8/22/18,12.03-1.11,2,15,3
BC13-8,8/22/18,12.03-1.11,2,18,4
BC13-1,8/22/18,12.03-1.11,2,17,5
BC14-8,8/22/18,12.03-1.11,2,15,6
BC13-6,8/22/18,12.03-1.11,2,16.5,7
BC14-3,8/22/18,12.03-1.11,2,15,8
BC14-2,8/22/18,12.03-1.11,2,17,9
BC13-3,8/22/18,12.03-1.11,2,17,10
BC13-15,8/22/18,12.03-1.11,2,15,11
BC13-9,8/22/18,12.03-1.11,2,19,12
BC13-7,8/22/18,12.03-1.11,2,15,13
BC14-10,8/22/18,12.03-1.11,2,15,14
BC14-5,8/22/18,12.03-1.11,2,15,15
BC13-4,8/22/18,1.19-1.53,3,17.5,1
BC13-10,8/22/18,1.19-1.53,3,18,3
BC12-12,8/23/18,8.22-9.27,1,15,1
BC12-9,8/23/18,8.22-9.27,1,17,3
BC12-6,8/23/18,8.22-9.27,1,17,4
BC12-8,8/23/18,8.22-9.27,1,16.5,5
BC12-2,8/23/18,8.22-9.27,1,15.5,6
BC12-11,8/23/18,8.22-9.27,1,15,7
BC12-10,8/23/18,8.22-9.27,1,17,8
BC14-7,8/23/18,8.22-9.27,1,15,9
BC14-5,8/23/18,8.22-9.27,1,15,10
BC14-10,8/23/18,8.22-9.27,1,15,11
BC12-5,8/23/18,8.22-9.27,1,17,12
BC12-15,8/23/18,8.22-9.27,1,15,13
BC14-3,8/23/18,8.22-9.27,1,15,14
BC12-7,8/23/18,8.22-9.27,1,15,15
BC12-12,8/23/18,9.38-10.45,2,15,1
BC12-9,8/23/18,9.38-10.45,2,17,3
BC12-6,8/23/18,9.38-10.45,2,17,4
BC12-8,8/23/18,9.38-10.45,2,16.5,5
BC12-2,8/23/18,9.38-10.45,2,15.5,6
BC12-11,8/23/18,9.38-10.45,2,15,7
BC12-10,8/23/18,9.38-10.45,2,17,8
BC14-7,8/23/18,9.38-10.45,2,15,9
BC14-5,8/23/18,9.38-10.45,2,15,10
BC14-10,8/23/18,9.38-10.45,2,15,11
BC12-5,8/23/18,9.38-10.45,2,17,12
BC12-15,8/23/18,9.38-10.45,2,15,13
BC14-3,8/23/18,9.38-10.45,2,15,14
BC12-7,8/23/18,9.38-10.45,2,15,15
BC13-4,8/23/18,10.54-12.04,3,17.5,1
BC14-14,8/23/18,10.54-12.04,3,14,3
BC14-2,8/23/18,10.54-12.04,3,17,4
BC14-4,8/23/18,10.54-12.04,3,16,5
BC14-1,8/23/18,10.54-12.04,3,15,6
BC14-15,8/23/18,10.54-12.04,3,15,7
BC14-8,8/23/18,10.54-12.04,3,15,8
BC13-7,8/23/18,10.54-12.04,3,15,9
BC13-6,8/23/18,10.54-12.04,3,16.5,10
BC13-10,8/23/18,10.54-12.04,3,18,11
BC13-8,8/23/18,10.54-12.04,3,18,12
BC13-9,8/23/18,10.54-12.04,3,19,13
BC13-2,8/23/18,10.54-12.04,3,16,14
BC13-15,8/23/18,10.54-12.04,3,15,15
BC13-4,8/23/18,12.16-1.25,4,17.5,1
BC14-14,8/23/18,12.16-1.25,4,14,3
BC14-2,8/23/18,12.16-1.25,4,17,4
BC14-4,8/23/18,12.16-1.25,4,16,5
BC14-1,8/23/18,12.16-1.25,4,15,6
BC14-15,8/23/18,12.16-1.25,4,15,7
BC14-8,8/23/18,12.16-1.25,4,15,8
BC13-7,8/23/18,12.16-1.25,4,15,9
BC13-6,8/23/18,12.16-1.25,4,16.5,10
BC13-10,8/23/18,12.16-1.25,4,18,11
BC13-8,8/23/18,12.16-1.25,4,18,12
BC13-9,8/23/18,12.16-1.25,4,19,13
BC13-2,8/23/18,12.16-1.25,4,16,14
BC13-15,8/23/18,12.16-1.25,4,15,15
BC13-1,8/23/18,3.28-4.06,5,17,1
BC13-3,8/23/18,3.28-4.06,5,17,3
BC13-1,8/23/18,4.07-4.34,6,17,1
BC13-3,8/23/18,4.07-4.34,6,17,3
BC14-4,8/24/18,8.00-9.05,1,16,1
BC12-8,8/24/18,8.00-9.05,1,16.5,3
BC14-8,8/24/18,8.00-9.05,1,15,4
BC12-6,8/24/18,8.00-9.05,1,17,5
BC14-15,8/24/18,8.00-9.05,1,15,6
BC12-9,8/24/18,8.00-9.05,1,17,7
BC14-2,8/24/18,8.00-9.05,1,17,8
BC12-7,8/24/18,8.00-9.05,1,15,9
BC12-10,8/24/18,8.00-9.05,1,17,10
BC12-2,8/24/18,8.00-9.05,1,15.5,11
BC12-5,8/24/18,8.00-9.05,1,17,12
BC12-15,8/24/18,8.00-9.05,1,15,13
BC12-12,8/24/18,8.00-9.05,1,15,14
BC12-11,8/24/18,8.00-9.05,1,15,15
BC13-6,8/24/18,9.10-10.16,2,16.5,1
BC13-3,8/24/18,9.10-10.16,2,17,3
BC13-4,8/24/18,9.10-10.16,2,17.5,4
BC13-15,8/24/18,9.10-10.16,2,15,5
BC13-10,8/24/18,9.10-10.16,2,18,6
BC13-1,8/24/18,9.10-10.16,2,17,7
BC13-8,8/24/18,9.10-10.16,2,18,8
BC14-1,8/24/18,9.10-10.16,2,15,9
BC14-5,8/24/18,9.10-10.16,2,15,10
BC14-3,8/24/18,9.10-10.16,2,15,11
BC14-10,8/24/18,9.10-10.16,2,15,12
BC14-7,8/24/18,9.10-10.16,2,15,13
BC13-7,8/24/18,9.10-10.16,2,15,14
BC14-4,8/24/18,9.10-10.16,2,16,15
BC13-2,8/24/18,6.05-6.29,3,16,1
BC13-9,8/24/18,6.05-6.29,3,19,3
BC2-11,8/28/18,8.33-9.38,1,16.5,1
BC4-14,8/28/18,8.33-9.38,1,15,3
BC4-6,8/28/18,8.33-9.38,1,15,4
BC4-2,8/28/18,8.33-9.38,1,17.5,5
BC4-5,8/28/18,8.33-9.38,1,15,6
BC2-12,8/28/18,8.33-9.38,1,17,7
BC4-4,8/28/18,8.33-9.38,1,17,8
BC4-7,8/28/18,8.33-9.38,1,15,9
BC2-6,8/28/18,8.33-9.38,1,15,10
BC4-10,8/28/18,8.33-9.38,1,15,11
BC2-14,8/28/18,8.33-9.38,1,17.5,12
BC4-13,8/28/18,8.33-9.38,1,15.5,13
BC4-1,8/28/18,8.33-9.38,1,16,14
BC4-11,8/28/18,8.33-9.38,1,15,15
BC3-12,8/28/18,9.47-10.57,2,15,1
BC3-11,8/28/18,9.47-10.57,2,17,3
BC2-2,8/28/18,9.47-10.57,2,16.5,4
BC2-9,8/28/18,9.47-10.57,2,16,5
BC3-10,8/28/18,9.47-10.57,2,17,6
BC2-1,8/28/18,9.47-10.57,2,15,7
BC3-4,8/28/18,9.47-10.57,2,16.5,8
BC3-8,8/28/18,9.47-10.57,2,17,9
BC3-9,8/28/18,9.47-10.57,2,16.5,10
BC2-8,8/28/18,9.47-10.57,2,17,11
BC3-6,8/28/18,9.47-10.57,2,15,12
BC2-4,8/28/18,9.47-10.57,2,17,13
BC2-3,8/28/18,9.47-10.57,2,16,14
BC3-13,8/28/18,9.47-10.57,2,16.5,15
BC15-5,8/28/18,11.08-12.14,3,15,1
BC12-12,8/28/18,11.08-12.14,3,15,3
BC15-13,8/28/18,11.08-12.14,3,17,4
BC3-1,8/28/18,11.08-12.14,3,18,5
BC15-10,8/28/18,11.08-12.14,3,17,6
BC15-12,8/28/18,11.08-12.14,3,16,7
BC15-8,8/28/18,11.08-12.14,3,19,8
BC15-4,8/28/18,11.08-12.14,3,16,9
BC15-9,8/28/18,11.08-12.14,3,19,10
BC12-6,8/28/18,11.08-12.14,3,17,11
BC15-1,8/28/18,11.08-12.14,3,15,12
BC15-14,8/28/18,11.08-12.14,3,16,13
BC3-14,8/28/18,11.08-12.14,3,16,14
BC15-3,8/28/18,11.08-12.14,3,18,15
BC14-8,8/28/18,12.49-1.54,4,15,1
BC12-15,8/28/18,12.49-1.54,4,15,3
BC12-2,8/28/18,12.49-1.54,4,15.5,4
BC14-3,8/28/18,12.49-1.54,4,15,5
BC12-11,8/28/18,12.49-1.54,4,15,6
BC14-4,8/28/18,12.49-1.54,4,16,7
BC12-8,8/28/18,12.49-1.54,4,16.5,8
BC12-5,8/28/18,12.49-1.54,4,17,9
BC12-9,8/28/18,12.49-1.54,4,17,10
BC12-10,8/28/18,12.49-1.54,4,17,11
BC14-10,8/28/18,12.49-1.54,4,15,12
BC12-7,8/28/18,12.49-1.54,4,15,13
BC14-5,8/28/18,12.49-1.54,4,15,14
BC14-2,8/28/18,12.49-1.54,4,17,15
BC13-4,8/28/18,2.06-3.11,5,17.5,1
BC13-2,8/28/18,2.06-3.11,5,16,3
BC13-6,8/28/18,2.06-3.11,5,16.5,4
BC14-7,8/28/18,2.06-3.11,5,15,5
BC14-1,8/28/18,2.06-3.11,5,15,6
BC13-1,8/28/18,2.06-3.11,5,17,7
BC13-8,8/28/18,2.06-3.11,5,18,8
BC13-7,8/28/18,2.06-3.11,5,15,9
BC13-15,8/28/18,2.06-3.11,5,15,10
BC13-9,8/28/18,2.06-3.11,5,19,11
BC13-10,8/28/18,2.06-3.11,5,18,12
BC13-3,8/28/18,2.06-3.11,5,17,13
BC14-15,8/28/18,2.06-3.11,5,15,14
BC14-14,8/28/18,2.06-3.11,5,14,15
BC15-5,8/31/18,9.07-10.12,1,15,1
BC15-13,8/31/18,9.07-10.12,1,17,3
BC15-8,8/31/18,9.07-10.12,1,19,4
BC15-10,8/31/18,9.07-10.12,1,17,5
BC2-9,8/31/18,9.07-10.12,1,16,6
BC2-12,8/31/18,9.07-10.12,1,17,7
BC15-12,8/31/18,9.07-10.12,1,16,8
BC15-4,8/31/18,9.07-10.12,1,16,9
BC15-1,8/31/18,9.07-10.12,1,15,10
BC15-14,8/31/18,9.07-10.12,1,16,11
BC15-9,8/31/18,9.07-10.12,1,19,12
BC15-3,8/31/18,9.07-10.12,1,18,13
BC2-4,8/31/18,9.07-10.12,1,17,14
BC2-3,8/31/18,9.07-10.12,1,16,15
BC3-4,8/31/18,10.21-11.26,2,16.5,1
BC3-12,8/31/18,10.21-11.26,2,15,3
BC3-11,8/31/18,10.21-11.26,2,17,4
BC2-2,8/31/18,10.21-11.26,2,16.5,5
BC2-11,8/31/18,10.21-11.26,2,16.5,6
BC2-11,8/31/18,10.21-11.26,2,16.5,7
BC3-1,8/31/18,10.21-11.26,2,18,8
BC2-6,8/31/18,10.21-11.26,2,15,9
BC2-8,8/31/18,10.21-11.26,2,17,10
BC3-9,8/31/18,10.21-11.26,2,16.5,11
BC3-6,8/31/18,10.21-11.26,2,15,12
BC2-14,8/31/18,10.21-11.26,2,17.5,13
BC3-15,8/31/18,10.21-11.26,2,16.5,14
BC3-13,8/31/18,10.21-11.26,2,16.5,15
BC3-10,8/31/18,11.33-12.38,3,17,1
BC4-2,8/31/18,11.33-12.38,3,17.5,3
BC4-14,8/31/18,11.33-12.38,3,15,4
BC4-6,8/31/18,11.33-12.38,3,15,5
BC4-5,8/31/18,11.33-12.38,3,15,6
BC12-15,8/31/18,11.33-12.38,3,15,7
BC4-4,8/31/18,11.33-12.38,3,17,8
BC12-9,8/31/18,11.33-12.38,3,17,9
BC4-7,8/31/18,11.33-12.38,3,15,10
BC4-14,8/31/18,11.33-12.38,3,15,11
BC4-13,8/31/18,11.33-12.38,3,15.5,12
BC3-8,8/31/18,11.33-12.38,3,17,13
BC4-11,8/31/18,11.33-12.38,3,15,14
BC4-10,8/31/18,11.33-12.38,3,15,15
BC14-4,8/31/18,12.49-1.54,4,16,1
BC12-11,8/31/18,12.49-1.54,4,15,3
BC14-3,8/31/18,12.49-1.54,4,15,4
BC14-7,8/31/18,12.49-1.54,4,15,5
BC12-8,8/31/18,12.49-1.54,4,16.5,6
BC12-12,8/31/18,12.49-1.54,4,15,7
BC12-2,8/31/18,12.49-1.54,4,15.5,8
BC14-15,8/31/18,12.49-1.54,4,15,9
BC14-14,8/31/18,12.49-1.54,4,14,10
BC14-10,8/31/18,12.49-1.54,4,15,11
BC12-6,8/31/18,12.49-1.54,4,17,12
BC12-10,8/31/18,12.49-1.54,4,17,13
BC12-5,8/31/18,12.49-1.54,4,17,14
BC12-7,8/31/18,12.49-1.54,4,15,15
BC13-4,8/31/18,2.03-3.08,5,17.5,1
BC13-8,8/31/18,2.03-3.08,5,18,3
BC14-8,8/31/18,2.03-3.08,5,15,4
BC13-2,8/31/18,2.03-3.08,5,16,5
BC14-1,8/31/18,2.03-3.08,5,15,6
BC13-6,8/31/18,2.03-3.08,5,16.5,7
BC13-1,8/31/18,2.03-3.08,5,17,8
BC14-2,8/31/18,2.03-3.08,5,17,9
BC13-9,8/31/18,2.03-3.08,5,19,10
BC13-3,8/31/18,2.03-3.08,5,17,11
BC13-7,8/31/18,2.03-3.08,5,15,12
BC13-10,8/31/18,2.03-3.08,5,18,13
BC13-15,8/31/18,2.03-3.08,5,15,14
BC14-5,8/31/18,2.03-3.08,5,15,15
BC12-2,9/3/18,11.46-12.51,1,15.5,1
BC12-12,9/3/18,11.46-12.51,1,15,3
BC14-1,9/3/18,11.46-12.51,1,15,4
BC12-11,9/3/18,11.46-12.51,1,15,5
BC12-15,9/3/18,11.46-12.51,1,15,6
BC14-8,9/3/18,11.46-12.51,1,15,7
BC12-8,9/3/18,11.46-12.51,1,16.5,8
BC12-6,9/3/18,11.46-12.51,1,17,9
BC12-9,9/3/18,11.46-12.51,1,17,10
BC12-5,9/3/18,11.46-12.51,1,17,11
BC12-7,9/3/18,11.46-12.51,1,15,12
BC12-10,9/3/18,11.46-12.51,1,17,13
BC14-2,9/3/18,11.46-12.51,1,17,14
BC14-5,9/3/18,11.46-12.51,1,15,15
BC13-4,9/3/18,12.59-2.09,2,17.5,1
BC13-8,9/3/18,12.59-2.09,2,18,3
BC14-7,9/3/18,12.59-2.09,2,15,4
BC13-2,9/3/18,12.59-2.09,2,16,5
BC14-3,9/3/18,12.59-2.09,2,15,6
BC14-4,9/3/18,12.59-2.09,2,16,7
BC13-6,9/3/18,12.59-2.09,2,16.5,8
BC13-15,9/3/18,12.59-2.09,2,15,9
BC13-9,9/3/18,12.59-2.09,2,19,10
BC13-10,9/3/18,12.59-2.09,2,18,11
BC13-7,9/3/18,12.59-2.09,2,15,12
BC14-14,9/3/18,12.59-2.09,2,14,13
BC14-15,9/3/18,12.59-2.09,2,15,14
BC14-10,9/3/18,12.59-2.09,2,15,15
BC13-1,9/3/18,2.12-2.35,3,17,1
BC13-3,9/3/18,2.12-2.35,3,17,3
BC15-5,9/4/18,8.51-9.57,1,15,1
BC2-11,9/4/18,8.51-9.57,1,16.5,3
BC2-2,9/4/18,8.51-9.57,1,16.5,4
BC15-13,9/4/18,8.51-9.57,1,17,5
BC15-10,9/4/18,8.51-9.57,1,17,6
BC15-8,9/4/18,8.51-9.57,1,19,7
BC15-12,9/4/18,8.51-9.57,1,16,8
BC15-1,9/4/18,8.51-9.57,1,15,9
BC15-9,9/4/18,8.51-9.57,1,19,10
BC15-3,9/4/18,8.51-9.57,1,18,11
BC15-14,9/4/18,8.51-9.57,1,16,12
BC2-14,9/4/18,8.51-9.57,1,17.5,13
BC2-6,9/4/18,8.51-9.57,1,15,14
BC15-4,9/4/18,8.51-9.57,1,16,15
BC15-5,9/4/18,10.10-11.15,2,14.5,1
BC2-11,9/4/18,10.10-11.15,2,13,3
BC2-2,9/4/18,10.10-11.15,2,14.5,4
BC15-13,9/4/18,10.10-11.15,2,15.3,5
BC15-10,9/4/18,10.10-11.15,2,16,6
BC15-8,9/4/18,10.10-11.15,2,17.4,7
BC15-12,9/4/18,10.10-11.15,2,14.5,8
BC15-1,9/4/18,10.10-11.15,2,15,9
BC15-9,9/4/18,10.10-11.15,2,19,10
BC15-3,9/4/18,10.10-11.15,2,18,11
BC15-14,9/4/18,10.10-11.15,2,16,12
BC2-14,9/4/18,10.10-11.15,2,17.5,13
BC2-6,9/4/18,10.10-11.15,2,15,14
BC15-4,9/4/18,10.10-11.15,2,16,15
BC3-10,9/4/18,11.27-12.33,3,17,1
BC3-12,9/4/18,11.27-12.33,3,15,3
BC2-9,9/4/18,11.27-12.33,3,16,4
BC2-12,9/4/18,11.27-12.33,3,17,5
BC3-1,9/4/18,11.27-12.33,3,18,6
BC3-11,9/4/18,11.27-12.33,3,17,7
BC2-1,9/4/18,11.27-12.33,3,15,8
BC2-3,9/4/18,11.27-12.33,3,16,9
BC2-4,9/4/18,11.27-12.33,3,17,10
BC3-13,9/4/18,11.27-12.33,3,16.5,11
BC3-8,9/4/18,11.27-12.33,3,17,12
BC3-15,9/4/18,11.27-12.33,3,16.5,13
BC2-8,9/4/18,11.27-12.33,3,17,14
BC3-6,9/4/18,11.27-12.33,3,15,15
BC3-10,9/4/18,12.41-1.46,4,14.8,1
BC3-12,9/4/18,12.41-1.46,4,11.5,3
BC2-9,9/4/18,12.41-1.46,4,13.5,4
BC2-12,9/4/18,12.41-1.46,4,13.4,5
BC3-1,9/4/18,12.41-1.46,4,14.3,6
BC3-11,9/4/18,12.41-1.46,4,13.4,7
BC2-1,9/4/18,12.41-1.46,4,15,8
BC2-3,9/4/18,12.41-1.46,4,16,9
BC2-4,9/4/18,12.41-1.46,4,17,10
BC3-13,9/4/18,12.41-1.46,4,16.5,11
BC3-8,9/4/18,12.41-1.46,4,17,12
BC3-15,9/4/18,12.41-1.46,4,16.5,13
BC2-8,9/4/18,12.41-1.46,4,17,14
BC3-6,9/4/18,12.41-1.46,4,15,15
BC4-14,9/4/18,2.01-3.06,5,15,1
BC4-4 ,9/4/18,2.01-3.06,5,17,3
BC3-4,9/4/18,2.01-3.06,5,16.5,4
BC4-6,9/4/18,2.01-3.06,5,15,5
BC4-2,9/4/18,2.01-3.06,5,17.5,6
BC4-5,9/4/18,2.01-3.06,5,15,7
SEAWATER,9/4/18,2.01-3.06,5,15,8
BC3-9,9/4/18,2.01-3.06,5,16.5,9
BC4-7,9/4/18,2.01-3.06,5,15,10
BC4-13,9/4/18,2.01-3.06,5,15.5,11
BC4-10,9/4/18,2.01-3.06,5,15,12
BC4-1,9/4/18,2.01-3.06,5,16,13
BC4-11,9/4/18,2.01-3.06,5,15,14
BC4-14,9/4/18,3.12-4.17,6,13.5,1
BC4-4 ,9/4/18,3.12-4.17,6,14.3,3
BC3-4,9/4/18,3.12-4.17,6,12,4
BC4-6,9/4/18,3.12-4.17,6,11,5
BC4-2,9/4/18,3.12-4.17,6,14,6
BC4-5,9/4/18,3.12-4.17,6,12.8,7
BC3-9,9/4/18,3.12-4.17,6,16.5,9
BC4-7,9/4/18,3.12-4.17,6,15,10
BC4-13,9/4/18,3.12-4.17,6,15.5,11
BC4-10,9/4/18,3.12-4.17,6,15,12
BC4-1,9/4/18,3.12-4.17,6,16,13
BC4-11,9/4/18,3.12-4.17,6,15,14
BC15-10,9/5/18,9.00-10.04,1,17,1
BC2-12,9/5/18,9.00-10.04,1,17,3
BC2-12,9/5/18,9.00-10.04,1,17,4
BC15-8,9/5/18,9.00-10.04,1,19,5
BC15-5,9/5/18,9.00-10.04,1,15,6
BC15-13,9/5/18,9.00-10.04,1,17,7
BC15-12,9/5/18,9.00-10.04,1,16,8
BC15-3,9/5/18,9.00-10.04,1,18,9
BC15-9,9/5/18,9.00-10.04,1,19,10
BC15-4,9/5/18,9.00-10.04,1,16,11
BC2-3,9/5/18,9.00-10.04,1,16,12
BC2-4,9/5/18,9.00-10.04,1,17,13
BC15-14,9/5/18,9.00-10.04,1,16,14
BC15-1,9/5/18,9.00-10.04,1,15,15
BC3-4,9/5/18,10.13-11.26,2,16.5,1
BC2-2,9/5/18,10.13-11.26,2,16.5,3
BC2-9,9/5/18,10.13-11.26,2,16,4
BC2-11,9/5/18,10.13-11.26,2,16.5,5
BC3-12,9/5/18,10.13-11.26,2,15,6
BC3-11,9/5/18,10.13-11.26,2,17,7
BC3-1,9/5/18,10.13-11.26,2,18,8
BC3-6,9/5/18,10.13-11.26,2,15,9
BC3-9,9/5/18,10.13-11.26,2,16.5,10
BC3-13,9/5/18,10.13-11.26,2,16.5,11
BC3-8,9/5/18,10.13-11.26,2,17,12
BC2-8,9/5/18,10.13-11.26,2,17,13
BC2-14,9/5/18,10.13-11.26,2,17.5,14
BC2-6,9/5/18,10.13-11.26,2,15,15
BC4-4,9/5/18,11.46-12.56,3,17,1
BC4-14,9/5/18,11.46-12.56,3,15,3
BC3-10,9/5/18,11.46-12.56,3,17,4
BC4-6,9/5/18,11.46-12.56,3,15,5
BC4-2,9/5/18,11.46-12.56,3,17.5,6
BC4-5,9/5/18,11.46-12.56,3,15,7
BC4-10,9/5/18,11.46-12.56,3,15,9
BC4-7,9/5/18,11.46-12.56,3,15,11
BC4-11,9/5/18,11.46-12.56,3,15,12
BC4-1,9/5/18,11.46-12.56,3,16,13
BC4-13,9/5/18,11.46-12.56,3,15.5,14
BC15-10,9/6/18,8.49-9.59,1,17,1
BC15-12,9/6/18,8.49-9.59,1,16,3
BC2-9,9/6/18,8.49-9.59,1,16,4
BC15-5,9/6/18,8.49-9.59,1,15,5
BC15-13,9/6/18,8.49-9.59,1,17,6
BC2-2,9/6/18,8.49-9.59,1,16.5,7
BC15-8,9/6/18,8.49-9.59,1,19,8
BC15-9,9/6/18,8.49-9.59,1,19,9
BC15-4,9/6/18,8.49-9.59,1,16,10
BC15-3,9/6/18,8.49-9.59,1,18,11
BC2-4,9/6/18,8.49-9.59,1,17,12
BC15-1,9/6/18,8.49-9.59,1,15,13
BC15-14,9/6/18,8.49-9.59,1,16,14
BC2-6,9/6/18,8.49-9.59,1,15,15
BC15-10,9/6/18,10.16-11.26,2,17,1
BC15-12,9/6/18,10.16-11.26,2,16,3
BC2-9,9/6/18,10.16-11.26,2,16,4
BC15-5,9/6/18,10.16-11.26,2,15,5
BC15-13,9/6/18,10.16-11.26,2,17,6
BC2-2,9/6/18,10.16-11.26,2,16.5,7
BC15-8,9/6/18,10.16-11.26,2,19,8
BC15-9,9/6/18,10.16-11.26,2,19,9
BC15-4,9/6/18,10.16-11.26,2,16,10
BC15-3,9/6/18,10.16-11.26,2,18,11
BC2-4,9/6/18,10.16-11.26,2,17,12
BC15-1,9/6/18,10.16-11.26,2,15,13
BC15-14,9/6/18,10.16-11.26,2,16,14
BC2-6,9/6/18,10.16-11.26,2,15,15
BC3-10,9/6/18,11.37-12.44,3,17,1
BC2-11,9/6/18,11.37-12.44,3,16.5,3
BC3-11,9/6/18,11.37-12.44,3,17,4
BC3-4,9/6/18,11.37-12.44,3,16.5,5
BC2-11,9/6/18,11.37-12.44,3,16.5,6
BC2-12,9/6/18,11.37-12.44,3,17,7
BC3-12,9/6/18,11.37-12.44,3,15,8
BC3-9,9/6/18,11.37-12.44,3,16.5,9
BC3-15,9/6/18,11.37-12.44,3,16.5,10
BC3-6,9/6/18,11.37-12.44,3,15,11
BC2-14,9/6/18,11.37-12.44,3,17.5,12
BC3-13,9/6/18,11.37-12.44,3,16.5,13
BC2-3,9/6/18,11.37-12.44,3,16,14
BC2-8,9/6/18,11.37-12.44,3,17,15
BC3-10,9/6/18,12.56-2.03,4,17,1
BC2-11,9/6/18,12.56-2.03,4,16.5,3
BC3-11,9/6/18,12.56-2.03,4,17,4
BC3-4,9/6/18,12.56-2.03,4,16.5,5
BC2-11,9/6/18,12.56-2.03,4,16.5,6
BC2-12,9/6/18,12.56-2.03,4,17,7
BC3-12,9/6/18,12.56-2.03,4,15,8
BC3-9,9/6/18,12.56-2.03,4,16.5,9
BC3-15,9/6/18,12.56-2.03,4,16.5,10
BC3-6,9/6/18,12.56-2.03,4,15,11
BC2-14,9/6/18,12.56-2.03,4,17.5,12
BC3-13,9/6/18,12.56-2.03,4,16.5,13
BC2-3,9/6/18,12.56-2.03,4,16,14
BC2-8,9/6/18,12.56-2.03,4,17,15
BC4-4,9/6/18,2.10-,5,17,1
BC4-14,9/6/18,2.10-,5,15,3
BC3-1,9/6/18,2.10-,5,18,4
BC4-5,9/6/18,2.10-,5,15,5
BC4-2,9/6/18,2.10-,5,17.5,6
BC4-6,9/6/18,2.10-,5,15,7
BC3-8,9/6/18,2.10-,5,17,9
BC4-1,9/6/18,2.10-,5,16,10
BC4-7,9/6/18,2.10-,5,15,11
BC4-10,9/6/18,2.10-,5,15,12
BC4-13,9/6/18,2.10-,5,15.5,13
BC4-11,9/6/18,2.10-,5,15,14
BC4-4,9/6/18,,6,17,1
BC4-14,9/6/18,,6,15,3
BC3-1,9/6/18,,6,18,4
BC4-5,9/6/18,,6,15,5
BC4-2,9/6/18,,6,17.5,6
BC4-6,9/6/18,,6,15,7
BC3-8,9/6/18,,6,17,9
BC4-1,9/6/18,,6,16,10
BC4-7,9/6/18,,6,15,11
BC4-10,9/6/18,,6,15,12
BC4-13,9/6/18,,6,15.5,13
BC4-11,9/6/18,,6,15,14
BC12-11,9/7/18,9.25-10.30,1,15,1
BC12-12,9/7/18,9.25-10.30,1,15,3
BC14-7,9/7/18,9.25-10.30,1,15,4
BC12-8,9/7/18,9.25-10.30,1,16.5,5
BC12-15,9/7/18,9.25-10.30,1,15,6
BC14-3,9/7/18,9.25-10.30,1,15,7
BC12-2,9/7/18,9.25-10.30,1,15.5,8
BC12-10,9/7/18,9.25-10.30,1,17,9
BC12-5,9/7/18,9.25-10.30,1,17,10
BC12-6,9/7/18,9.25-10.30,1,17,11
BC14-15,9/7/18,9.25-10.30,1,15,12
BC12-9,9/7/18,9.25-10.30,1,17,13
BC12-7,9/7/18,9.25-10.30,1,15,14
BC14-2,9/7/18,9.25-10.30,1,17,15
BC14-1,9/7/18,10.38-11.44,2,15,1
BC13-6,9/7/18,10.38-11.44,2,16.5,3
BC14-8,9/7/18,10.38-11.44,2,15,4
BC13-1,9/7/18,10.38-11.44,2,17,5
BC13-8,9/7/18,10.38-11.44,2,18,6
BC14-4,9/7/18,10.38-11.44,2,16,7
BC13-2,9/7/18,10.38-11.44,2,16,8
BC13-7,9/7/18,10.38-11.44,2,15,9
BC14-10,9/7/18,10.38-11.44,2,15,10
BC13-10,9/7/18,10.38-11.44,2,18,11
BC13-3,9/7/18,10.38-11.44,2,17,12
BC13-9,9/7/18,10.38-11.44,2,19,13
BC14-5,9/7/18,10.38-11.44,2,15,14
BC14-14,9/7/18,10.38-11.44,2,14,15
BC13-4,9/7/18,11.48-12.10,3,17.5,1
BC13-15,9/7/18,11.48-12.10,3,15,3
BC12-11,9/11/18,10.51-11.56,1,15,1
BC14-8,9/11/18,10.51-11.56,1,15,3
BC14-4,9/11/18,10.51-11.56,1,16,4
BC14-7,9/11/18,10.51-11.56,1,15,5
BC12-2,9/11/18,10.51-11.56,1,15.5,6
BC14-1,9/11/18,10.51-11.56,1,15,7
BC14-3,9/11/18,10.51-11.56,1,15,8
BC12-5,9/11/18,10.51-11.56,1,17,9
BC14-10,9/11/18,10.51-11.56,1,15,10
BC12-9,9/11/18,10.51-11.56,1,17,11
BC14-5,9/11/18,10.51-11.56,1,15,12
BC14-14,9/11/18,10.51-11.56,1,14,13
BC14-2,9/11/18,10.51-11.56,1,17,14
BC14-15,9/11/18,10.51-11.56,1,15,15
BC12-11,9/11/18,12.11-1.16,2,12,1
BC14-8,9/11/18,12.11-1.16,2,13,3
BC14-4,9/11/18,12.11-1.16,2,13.9,4
BC14-7,9/11/18,12.11-1.16,2,12,5
BC12-2,9/11/18,12.11-1.16,2,14.2,6
BC14-1,9/11/18,12.11-1.16,2,13,7
BC14-3,9/11/18,12.11-1.16,2,14.5,8
BC12-5,9/11/18,12.11-1.16,2,17,9
BC14-10,9/11/18,12.11-1.16,2,15,10
BC12-9,9/11/18,12.11-1.16,2,17,11
BC14-5,9/11/18,12.11-1.16,2,15,12
BC14-14,9/11/18,12.11-1.16,2,14,13
BC14-2,9/11/18,12.11-1.16,2,17,14
BC14-15,9/11/18,12.11-1.16,2,15,15
BC12-15,9/11/18,1.27-2.32,3,15,1
BC13-2,9/11/18,1.27-2.32,3,16,3
BC13-4,9/11/18,1.27-2.32,3,17.5,4
BC13-1,9/11/18,1.27-2.32,3,17,5
BC12-8,9/11/18,1.27-2.32,3,16.5,6
BC12-12,9/11/18,1.27-2.32,3,15,7
BC13-6,9/11/18,1.27-2.32,3,16.5,8
BC13-7,9/11/18,1.27-2.32,3,15,9
BC13-9,9/11/18,1.27-2.32,3,19,10
BC12-7,9/11/18,1.27-2.32,3,15,11
BC13-10,9/11/18,1.27-2.32,3,18,12
BC12-6,9/11/18,1.27-2.32,3,17,13
BC13-15,9/11/18,1.27-2.32,3,15,14
BC12-10,9/11/18,1.27-2.32,3,17,15
BC12-15,9/11/18,2.44-3.48,4,12.5,1
BC13-2,9/11/18,2.44-3.48,4,16,3
BC13-4,9/11/18,2.44-3.48,4,13.8,4
BC13-1,9/11/18,2.44-3.48,4,13.5,5
BC12-8,9/11/18,2.44-3.48,4,14.1,6
BC12-12,9/11/18,2.44-3.48,4,12.1,7
BC13-6,9/11/18,2.44-3.48,4,14.4,8
BC13-7,9/11/18,2.44-3.48,4,15,9
BC13-9,9/11/18,2.44-3.48,4,19,10
BC12-7,9/11/18,2.44-3.48,4,15,11
BC13-10,9/11/18,2.44-3.48,4,18,12
BC12-6,9/11/18,2.44-3.48,4,17,13
BC13-15,9/11/18,2.44-3.48,4,15,14
BC12-10,9/11/18,2.44-3.48,4,17,15
BC13-3,9/11/18,3.53-4.28,5,3,1
BC13-8,9/11/18,3.53-4.28,5,18,3
SEAWATER,9/11/18,3.53-4.28,5,15,4
BC13-3,9/11/18,4.30-4.58,6,17,1
BC13-8,9/11/18,4.30-4.58,6,14.7,3
BC14-3,9/12/18,8.51-9.56,1,15,1
BC12-12,9/12/18,8.51-9.56,1,15,3
BC14-1,9/12/18,8.51-9.56,1,15,4
BC14-7,9/12/18,8.51-9.56,1,15,5
BC12-15,9/12/18,8.51-9.56,1,15,6
BC14-4,9/12/18,8.51-9.56,1,16,7
BC14-8,9/12/18,8.51-9.56,1,15,8
BC14-15,9/12/18,8.51-9.56,1,15,9
BC14-2,9/12/18,8.51-9.56,1,17,10
BC14-10,9/12/18,8.51-9.56,1,15,11
BC12-6,9/12/18,8.51-9.56,1,17,12
BC14-14,9/12/18,8.51-9.56,1,14,13
BC14-5,9/12/18,8.51-9.56,1,15,14
BC12-10,9/12/18,8.51-9.56,1,17,15
BC13-8,9/12/18,10.05-11.10,2,18,1
BC13-2,9/12/18,10.05-11.10,2,16,3
BC12-2,9/12/18,10.05-11.10,2,15.5,4
BC12-8,9/12/18,10.05-11.10,2,16.5,5
BC13-1,9/12/18,10.05-11.10,2,17,6
BC13-4,9/12/18,10.05-11.10,2,17.5,7
BC12-11,9/12/18,10.05-11.10,2,15,8
BC13-3,9/12/18,10.05-11.10,2,17,9
BC13-15,9/12/18,10.05-11.10,2,15,10
BC12-5,9/12/18,10.05-11.10,2,17,11
BC13-7,9/12/18,10.05-11.10,2,15,12
BC12-7,9/12/18,10.05-11.10,2,15,13
BC12-9,9/12/18,10.05-11.10,2,17,14
BC13-9,9/12/18,10.05-11.10,2,19,15
BC13-6,9/12/18,11.15-11.37,3,16.5,1
BC13-10,9/12/18,11.15-11.37,3,18,3
BC12-2,9/13/18,8.56-10.01,1,15.5,1
BC14-4,9/13/18,8.56-10.01,1,16,3
BC14-3,9/13/18,8.56-10.01,1,15,4
BC14-8,9/13/18,8.56-10.01,1,15,5
BC14-7,9/13/18,8.56-10.01,1,15,6
BC14-1,9/13/18,8.56-10.01,1,15,7
BC12-8,9/13/18,8.56-10.01,1,16.5,8
BC14-15,9/13/18,8.56-10.01,1,15,9
BC14-2,9/13/18,8.56-10.01,1,17,10
BC12-7,9/13/18,8.56-10.01,1,15,11
BC12-9,9/13/18,8.56-10.01,1,17,12
BC14-10,9/13/18,8.56-10.01,1,15,13
BC14-5,9/13/18,8.56-10.01,1,15,14
BC14-14,9/13/18,8.56-10.01,1,14,15
BC12-2,9/13/18,10.16-11.23,2,15.5,1
BC14-4,9/13/18,10.16-11.23,2,16,3
BC14-3,9/13/18,10.16-11.23,2,15,4
BC14-8,9/13/18,10.16-11.23,2,15,5
BC14-7,9/13/18,10.16-11.23,2,15,6
BC14-1,9/13/18,10.16-11.23,2,15,7
BC12-8,9/13/18,10.16-11.23,2,16.5,8
BC14-15,9/13/18,10.16-11.23,2,15,9
BC14-2,9/13/18,10.16-11.23,2,17,10
BC12-7,9/13/18,10.16-11.23,2,15,11
BC12-9,9/13/18,10.16-11.23,2,17,12
BC14-10,9/13/18,10.16-11.23,2,15,13
BC14-5,9/13/18,10.16-11.23,2,15,14
BC14-14,9/13/18,10.16-11.23,2,14,15
BC12-11,9/13/18,11.31-12.38,3,15,1
BC12-12,9/13/18,11.31-12.38,3,15,3
BC13-2,9/13/18,11.31-12.38,3,16,4
BC12-15,9/13/18,11.31-12.38,3,15,5
BC13-6,9/13/18,11.31-12.38,3,16.5,6
BC13-8,9/13/18,11.31-12.38,3,18,7
BC13-4,9/13/18,11.31-12.38,3,17.5,8
BC12-6,9/13/18,11.31-12.38,3,17,9
BC12-5,9/13/18,11.31-12.38,3,17,10
BC12-10,9/13/18,11.31-12.38,3,17,11
BC13-3,9/13/18,11.31-12.38,3,17,12
BC13-10,9/13/18,11.31-12.38,3,18,13
BC13-9,9/13/18,11.31-12.38,3,19,14
BC13-7,9/13/18,11.31-12.38,3,15,15
BC12-11,9/13/18,12.50-1.57,4,15,1
BC12-12,9/13/18,12.50-1.57,4,15,3
BC13-2,9/13/18,12.50-1.57,4,16,4
BC12-15,9/13/18,12.50-1.57,4,15,5
BC13-6,9/13/18,12.50-1.57,4,16.5,6
BC13-8,9/13/18,12.50-1.57,4,18,7
BC13-4,9/13/18,12.50-1.57,4,17.5,8
BC12-6,9/13/18,12.50-1.57,4,17,9
BC12-5,9/13/18,12.50-1.57,4,17,10
BC12-10,9/13/18,12.50-1.57,4,17,11
BC13-3,9/13/18,12.50-1.57,4,17,12
BC13-10,9/13/18,12.50-1.57,4,18,13
BC13-9,9/13/18,12.50-1.57,4,19,14
BC13-7,9/13/18,12.50-1.57,4,15,15
BC13-1,9/13/18,2.00-2.26,5,13.5,1
BC13-15,9/13/18,2.00-2.26,5,15,3
BC13-1,9/13/18,2.29-3.00,6,17,1
BC13-15,9/13/18,2.29-3.00,6,15,3
