Core,Date,Soil+Sleeve Wet Weight (g),Soil wet weight (g)
BC3-5,7/17/18,326.1,245.92
BC3-3,7/17/18,319.2,239.02
BC3-2,7/17/18,309,228.82
BC4-12,7/17/18,290.4,210.22
BC2-13,7/17/18,344.1,263.92
BC4-3,7/17/18,261,180.82
BC4-8,7/17/18,344,263.82
BC2-10,7/17/18,346.5,266.32
BC2-15,7/17/18,319,238.82
BC2-7,7/17/18,340.5,260.32
BC2-5,7/17/18,361.7,281.52
BC3-14,7/17/18,319.9,239.72
BC4-15,7/17/18,285.7,205.52
BC4-9,7/17/18,297.5,217.32
BC14-11,7/17/18,333.5,253.32
BC3-7,7/17/18,332,251.82
BC13-11,7/17/18,326.4,246.22
BC12-13,7/17/18,344.1,263.92
BC13-14,7/17/18,324.2,244.02
BC12-4,7/17/18,245.2,165.02
BC14-6,7/17/18,325.8,245.62
BC14-9,7/17/18,325.6,245.42
BC13-5,7/17/18,328.7,248.52
BC14-12,7/17/18,292.9,212.72
BC13-12,7/17/18,308.6,228.42
BC12-14,7/17/18,371.6,291.42
BC12-1,7/17/18,326.9,246.72
BC13-13,7/17/18,306.7,226.52
BC15-2,7/17/18,306.6,226.42
BC14-13,7/17/18,303.4,223.22
BC15-7,7/17/18,160.1,79.92
BC12-3,7/17/18,302.4,222.22
BC15-5,7/17/18,272.8,192.62
BC13-15,7/17/18,366.9,286.72
BC13-8,7/17/18,318.8,238.62
BC13-9,7/17/18,327.5,247.32
BC13-2,7/17/18,349.6,269.42
BC13-15,7/17/18,366.9,286.72
BC13-4,7/17/18,347.7,267.52
BC15-15,7/17/18,247.3,167.12
BC3-10,7/17/18,292.8,212.62
BC13-7,7/17/18,319,238.82
BC2-11,7/17/18,340.4,260.22
BC2-3,7/17/18,324.5,244.32
BC3-6,7/17/18,329.4,249.22
BC13-3,7/17/18,326.3,246.12
BC2-2,7/17/18,311.8,231.62
BC2-11,7/17/18,340.4,260.22
BC2-14,7/17/18,321.5,241.32
BC2-9,7/17/18,346.5,266.32
BC2-8,7/17/18,347.2,267.02
BC2-12,7/17/18,347.7,267.52
BC13-6,7/17/18,332.9,252.72
BC2-4,7/17/18,325.9,245.72
BC15-11,7/17/18,204.4,124.22
BC2-6,7/17/18,332.1,251.92
BC4-10,7/17/18,342.5,262.32
BC4-13,7/17/18,329.9,249.72
BC3-15,7/17/18,335.3,255.12
BC4-2,7/17/18,300.4,220.22
BC4-5,7/17/18,337.3,257.12
BC4-1,7/17/18,363.1,282.92
BC3-12,7/17/18,333.1,252.92
BC3-4,7/17/18,352.4,272.22
BC3-10,7/17/18,292.8,212.62
BC3-9,7/17/18,354.7,274.52
BC3-11,7/17/18,330.3,250.12
BC3-13,7/17/18,338.6,258.42
BC3-1,7/17/18,339.3,259.12
BC3-8,7/17/18,336.6,256.42
BC12-7,7/17/18,348.5,268.32
BC12-9,7/17/18,339.8,259.62
BC12-8,7/17/18,343,262.82
BC12-11,7/17/18,381.9,301.72
BC12-15,7/17/18,382.3,302.12
BC12-6,7/17/18,344.6,264.42
BC12-10,7/17/18,356.7,276.52
BC4-6,7/17/18,347,266.82
BC4-7,7/17/18,288.6,208.42
BC4-14,7/17/18,321.4,241.22
BC4-4,7/17/18,294.6,214.42
BC12-5,7/17/18,359,278.82
BC12-12,7/17/18,354.8,274.62
BC4-11,7/17/18,299.9,219.72
BC14-5,7/17/18,307.3,227.12
BC14-15,7/17/18,364.5,284.32
BC14-2,7/17/18,323.9,243.72
BC14-4,7/17/18,309.9,229.72
BC14-1,7/17/18,332.2,252.02
BC12-2,7/17/18,342.9,262.72
BC15-9,7/17/18,194.8,114.62
BC14-7,7/17/18,360.6,280.42
BC14-3,7/17/18,382.8,302.62
BC15-8,7/17/18,214.1,133.92
BC15-3,7/17/18,200.1,119.92
BC14-14,7/17/18,341.83,261.65
BC14-10,7/17/18,315.1,234.92
BC14-8,7/17/18,320.3,240.12
BC15-13,7/17/18,252.8,172.62
BC15-12,7/17/18,267.3,187.12
BC15-6,7/17/18,237.2,157.02
BC15-10,7/17/18,238.3,158.12
BC15-1,7/17/18,306.7,226.52
BC15-4,7/17/18,229.9,149.72
BC15-14,7/17/18,229.9,149.72
BC2-13,7/19/18,344.1,263.92
BC2-15,7/19/18,319,238.82
BC3-5,7/19/18,326.1,245.92
BC2-7,7/19/18,340.5,260.32
BC2-5,7/19/18,361.7,281.52
BC2-10,7/19/18,346.5,266.32
BC3-7,7/19/18,332,251.82
BC4-3,7/19/18,261,180.82
BC3-2,7/19/18,309,228.82
BC3-3,7/19/18,319.2,239.02
BC4-9,7/19/18,297.5,217.32
BC4-8,7/19/18,344,263.82
BC3-14,7/19/18,319.9,239.72
BC4-15,7/19/18,285.7,205.52
BC4-12,7/19/18,290.4,210.22
BC12-14,7/19/18,371.6,291.42
BC12-4,7/19/18,245.2,165.02
BC13-14,7/19/18,324.2,244.02
BC13-11,7/19/18,326.4,246.22
BC12-3,7/19/18,302.4,222.22
BC13-5,7/19/18,328.7,248.52
BC13-12,7/19/18,308.6,228.42
BC14-13,7/19/18,303.4,223.22
BC13-13,7/19/18,306.7,226.52
BC14-11,7/19/18,333.5,253.32
BC12-14,7/19/18,371.6,291.42
BC12-13,7/19/18,344.1,263.92
BC14-9,7/19/18,325.6,245.42
BC13-4,7/19/18,347.7,267.52
BC13-1,7/19/18,313.7,233.52
BC13-7,7/19/18,319,238.82
BC13-3,7/19/18,326.3,246.12
BC14-6,7/19/18,325.8,245.62
BC13-9,7/19/18,327.5,247.32
BC13-8,7/19/18,318.8,238.62
BC15-7,7/19/18,160.1,79.92
BC15-2,7/19/18,306.6,226.42
BC13-2,7/19/18,349.6,269.42
BC15-5,7/19/18,272.8,192.62
BC14-12,7/19/18,292.9,212.72
BC15-11,7/19/18,204.4,124.22
BC15-15,7/19/18,247.3,167.12
BC2-14,7/19/18,321.5,241.32
BC3-12,7/19/18,333.1,252.92
BC2-9,7/19/18,346.5,266.32
BC13-15,7/19/18,366.9,286.72
BC13-6,7/19/18,332.9,252.72
BC13-10,7/19/18,342.8,262.62
BC3-6,7/19/18,329.4,249.22
BC2-8,7/19/18,347.2,267.02
BC2-2,7/19/18,311.8,231.62
BC2-4,7/19/18,325.9,245.72
BC2-6,7/19/18,332.1,251.92
BC2-1,7/19/18,250.5,170.32
BC2-3,7/19/18,324.5,244.32
BC2-11,7/19/18,340.4,260.22
BC3-4,7/19/18,352.4,272.22
BC3-9,7/19/18,354.7,274.52
BC3-10,7/19/18,292.8,212.62
BC3-11,7/19/18,330.3,250.12
BC3-1,7/19/18,339.3,259.12
BC4-14,7/19/18,321.4,241.22
BC4-1,7/19/18,363.1,282.92
BC4-10,7/19/18,342.5,262.32
BC3-13,7/19/18,338.6,258.42
BC4-4,7/19/18,294.6,214.42
BC3-15,7/19/18,335.3,255.12
BC4-13,7/19/18,329.9,249.72
BC3-12,7/19/18,333.1,252.92
BC3-8,7/19/18,336.6,256.42
BC12-11,7/19/18,381.9,301.72
BC12-12,7/19/18,354.8,274.62
BC12-10,7/19/18,356.7,276.52
BC12-6,7/19/18,344.6,264.42
BC12-5,7/19/18,359,278.82
BC4-11,7/19/18,299.9,219.72
BC12-9,7/19/18,339.8,259.62
BC12-7,7/19/18,348.5,268.32
BC4-2,7/19/18,300.4,220.22
BC4-6,7/19/18,347,266.82
BC12-8,7/19/18,343,262.82
BC12-2,7/19/18,342.9,262.72
BC4-7,7/19/18,288.6,208.42
BC12-15,7/19/18,382.3,302.12
BC14-3,7/19/18,382.8,302.62
BC14-15,7/19/18,364.5,284.32
BC4-5,7/19/18,337.3,257.12
BC14-7,7/19/18,360.6,280.42
BC14-4,7/19/18,309.9,229.72
BC14-8,7/19/18,320.3,240.12
BC15-1,7/19/18,306.7,226.52
BC14-1,7/19/18,332.2,252.02
BC14-14,7/19/18,341.83,261.65
BC14-8,7/19/18,320.3,240.12
BC14-10,7/19/18,315.1,234.92
**,7/19/18,,-80.18
BC15-8,7/19/18,214.1,133.92
BC15-9,7/19/18,194.8,114.62
BC15-12,7/19/18,267.3,187.12
BC15-14,7/19/18,229.9,149.72
BC15-4,7/19/18,229.9,149.72
BC15-3,7/19/18,200.1,119.92
BC15-13,7/19/18,252.8,172.62
BC14-5,7/19/18,307.3,227.12
BC15-10,7/19/18,238.3,158.12
BC15-6,7/19/18,237.2,157.02
BC2-5,7/21/18,359.3,279.12
BC4-5,7/21/18,335.7,255.52
BC4-15,7/21/18,281.3,201.12
BC2-7,7/21/18,340,259.82
BC2-10,7/21/18,346.3,266.12
BC2-15,7/21/18,318.6,238.42
BC2-13,7/21/18,346.2,266.02
BC3-2,7/21/18,308.7,228.52
BC3-5,7/21/18,325.5,245.32
BC4-9,7/21/18,296.5,216.32
BC3-3,7/21/18,318.9,238.72
BC3-7,7/21/18,333.2,253.02
BC3-14,7/21/18,321.5,241.32
BC4-12,7/21/18,385.8,305.62
BC12-14,7/21/18,368.9,288.72
BC12-13,7/21/18,344,263.82
BC12-4,7/21/18,345.1,264.92
BC13-12,7/21/18,308.4,228.22
BC13-14,7/21/18,324.2,244.02
BC13-11,7/21/18,325.8,245.62
BC4-8,7/21/18,341.4,261.22
BC13-13,7/21/18,306.6,226.42
BC14-6,7/21/18,324.9,244.72
BC14-13,7/21/18,301.3,221.12
BC13-15,7/21/18,365.3,285.12
BC14-11,7/21/18,328.9,248.72
BC12-1,7/21/18,326.4,246.22
BC14-12,7/21/18,290.8,210.62
BC12-3,7/21/18,300.1,219.92
BC15-14,7/21/18,227.1,146.92
BC15-8,7/21/18,217.7,137.52
BC14-9,7/21/18,228,147.82
BC15-15,7/21/18,246.6,166.42
BC15-12,7/21/18,272.5,192.32
BC15-7,7/21/18,149.9,69.72
BC15-13,7/21/18,254.6,174.42
BC15-1,7/21/18,306.8,226.62
BC15-10,7/21/18,240.7,160.52
BC15-6,7/21/18,239.9,159.72
BC15-4,7/21/18,233,152.82
BC15-3,7/21/18,199.7,119.52
BC15-9,7/21/18,191.8,111.62
BC13-3,7/21/18,327.2,247.02
BC13-4,7/21/18,346.7,266.52
BC2-2,7/21/18,315,234.82
BC13-15,7/21/18,365.3,285.12
BC13-15,7/21/18,365.3,285.12
BC13-6,7/21/18,332.3,252.12
BC13-8,7/21/18,317.8,237.62
BC13-9,7/21/18,326.5,246.32
BC13-2,7/21/18,349.5,269.32
BC15-2,7/21/18,306,225.82
BC15-11,7/21/18,203.7,123.52
BC13-7,7/21/18,318.5,238.32
BC13-10,7/21/18,141.9,61.72
BC15-5,7/21/18,271.6,191.42
BC2-6,7/21/18,335.2,255.02
BC2-3,7/21/18,327.9,247.72
BC12-11,7/21/18,382.6,302.42
BC2-12,7/21/18,346.1,265.92
BC2-4,7/21/18,325.9,245.72
BC2-12,7/21/18,346.1,265.92
BC2-14,7/21/18,323.6,243.42
BC3-8,7/21/18,335.3,255.12
BC3-1,7/21/18,341.4,261.22
BC2-9,7/21/18,347.2,267.02
BC3-15,7/21/18,338,257.82
BC2-8,7/21/18,350.6,270.42
BC3-9,7/21/18,355.1,274.92
BC3-4,7/21/18,354.2,274.02
BC4-7,7/21/18,286.3,206.12
BC4-2,7/21/18,298.9,218.72
BC4-4,7/21/18,294.9,214.72
BC4-6,7/21/18,343.2,263.02
BC4-13,7/21/18,326.3,246.12
BC4-14,7/21/18,318.4,238.22
BC4-1,7/21/18,359,278.82
BC3-13,7/21/18,340.7,260.52
BC3-6,7/21/18,329.7,249.52
BC4-5,7/21/18,335.7,255.52
BC4-10,7/21/18,339.8,259.62
BC3-11,7/21/18,333.1,252.92
BC3-12,7/21/18,333.4,253.22
BC3-10,7/21/18,298.4,218.22
BC14-7,7/21/18,360.8,280.62
BC12-6,7/21/18,342.5,262.32
BC14-2,7/21/18,323.4,243.22
BC14-4,7/21/18,310.3,230.12
BC12-15,7/21/18,384,303.82
BC12-11,7/21/18,382.6,302.42
BC4-11,7/21/18,298.9,218.72
BC12-12,7/21/18,355.6,275.42
BC12-2,7/21/18,345.3,265.12
BC12-5,7/21/18,360,279.82
BC12-9,7/21/18,340.9,260.72
BC12-8,7/21/18,344.5,264.32
BC12-10,7/21/18,356.9,276.72
BC12-7,7/21/18,349.2,269.02
BC14-8,7/21/18,319.9,239.72
BC14-1,7/21/18,332.5,252.32
BC14-15,7/21/18,362.9,282.72
BC14-10,7/21/18,315.2,235.02
BC14-3,7/21/18,283.5,203.32
BC14-5,7/21/18,306.9,226.72
BC14-14,7/21/18,342.1,261.92
BC2-6,7/24/18,334,253.82
BC2-9,7/24/18,346.2,266.02
BC2-4,7/24/18,324.7,244.52
BC13-9,7/24/18,326.5,246.32
BC13-10,7/24/18,341.9,261.72
BC2-2,7/24/18,313.4,233.22
BC13-3,7/24/18,326.3,246.12
BC13-4,7/24/18,348,267.82
BC13-6,7/24/18,331.3,251.12
BC13-8,7/24/18,318.4,238.22
BC13-1,7/24/18,311.6,231.42
BC13-7,7/24/18,319.4,239.22
BC13-15,7/24/18,364.7,284.52
BC13-2,7/24/18,350.8,270.62
BC2-6,7/24/18,334,253.82
BC2-9,7/24/18,346.2,266.02
BC2-4,7/24/18,324.7,244.52
BC13-9,7/24/18,326.5,246.32
BC13-10,7/24/18,341.9,261.72
BC2-2,7/24/18,313.4,233.22
BC13-3,7/24/18,326.3,246.12
BC13-4,7/24/18,348,267.82
BC13-6,7/24/18,331.3,251.12
BC13-8,7/24/18,318.4,238.22
BC13-1,7/24/18,311.6,231.42
BC13-7,7/24/18,319.4,239.22
BC13-15,7/24/18,364.7,284.52
BC13-2,7/24/18,350.8,270.62
BC2-12,7/24/18,345,264.82
BC2-11,7/24/18,341.7,261.52
BC3-12,7/24/18,332.5,252.32
BC3-11,7/24/18,331.5,251.32
BC2-1,7/24/18,255.3,175.12
BC3-10,7/24/18,297.8,217.62
BC3-4,7/24/18,353.1,272.92
BC2-3,7/24/18,326.8,246.62
BC3-6,7/24/18,328.7,248.52
BC3-15,7/24/18,337.1,256.92
BC2-8,7/24/18,349.6,269.42
BC2-14,7/24/18,322.9,242.72
BC3-13,7/24/18,340.1,259.92
BC3-8,7/24/18,336,255.82
BC2-12,7/24/18,345,264.82
BC2-11,7/24/18,341.7,261.52
BC3-12,7/24/18,332.5,252.32
BC3-11,7/24/18,331.5,251.32
BC2-1,7/24/18,255.3,175.12
BC3-10,7/24/18,297.8,217.62
BC3-4,7/24/18,353.1,272.92
BC2-3,7/24/18,326.8,246.62
BC3-6,7/24/18,328.7,248.52
BC3-15,7/24/18,337.1,256.92
BC2-8,7/24/18,349.6,269.42
BC2-14,7/24/18,322.9,242.72
BC3-13,7/24/18,340.1,259.92
BC3-8,7/24/18,336,255.82
BC3-1,7/24/18,340.4,260.22
BC4-4,7/24/18,293.6,213.42
BC4-5,7/24/18,334.3,254.12
BC4-6,7/24/18,341.6,261.42
BC4-2,7/24/18,301,220.82
BC4-14,7/24/18,317.5,237.32
BC3-9,7/24/18,353.8,273.62
BC4-1,7/24/18,358,277.82
BC4-11,7/24/18,300.3,220.12
BC4-13,7/24/18,326.2,246.02
BC4-7,7/24/18,286.2,206.02
BC4-10,7/24/18,338.3,258.12
BC3-1,7/24/18,340.4,260.22
BC4-4,7/24/18,293.6,213.42
BC4-5,7/24/18,334.3,254.12
BC4-6,7/24/18,341.6,261.42
BC4-2,7/24/18,301,220.82
BC4-14,7/24/18,317.5,237.32
BC3-9,7/24/18,353.8,273.62
BC4-1,7/24/18,358,277.82
BC4-11,7/24/18,300.3,220.12
BC4-13,7/24/18,326.2,246.02
BC4-7,7/24/18,286.2,206.02
BC4-10,7/24/18,338.3,258.12
BC13-2,7/25/18,355,274.82
BC13-8,7/25/18,320.8,240.62
BC2-4,7/25/18,331.2,251.02
BC2-9,7/25/18,351.5,271.32
BC13-6,7/25/18,334,253.82
BC2-2,7/25/18,325,244.82
BC13-1,7/25/18,315.9,235.72
BC13-10,7/25/18,345.1,264.92
BC2-6,7/25/18,336.2,256.02
BC13-15,7/25/18,367.7,287.52
BC13-4,7/25/18,349.5,269.32
BC13-3,7/25/18,328.1,247.92
BC13-9,7/25/18,330.2,250.02
BC13-7,7/25/18,321.1,240.92
BC3-8,7/25/18,337.7,257.52
BC3-15,7/25/18,339,258.82
BC3-11,7/25/18,332.4,252.22
BC2-3,7/25/18,327.5,247.32
BC2-14,7/25/18,325.6,245.42
BC2-8,7/25/18,349.2,269.02
BC3-13,7/25/18,342.2,262.02
BC2-11,7/25/18,350.7,270.52
BC3-6,7/25/18,332.3,252.12
BC2-12,7/25/18,348.2,268.02
BC2-1,7/25/18,260.4,180.22
BC3-10,7/25/18,298.3,218.12
BC3-12,7/25/18,333.6,253.42
BC3-4,7/25/18,354.2,274.02
BC4-6,7/25/18,342.8,262.62
BC4-2,7/25/18,301,220.82
BC3-1,7/25/18,342,261.82
BC4-5,7/25/18,333.6,253.42
BC4-4,7/25/18,293.4,213.22
BC4-14,7/25/18,319,238.82
BC3-9,7/25/18,357.6,277.42
BC4-13,7/25/18,327.8,247.62
BC4-7,7/25/18,288.8,208.62
BC4-1,7/25/18,361,280.82
BC4-11,7/25/18,302.6,222.42
BC4-10,7/25/18,340.3,260.12
BC3-12,7/26/18,332.5,252.32
BC4-14,7/26/18,317.5,237.32
BC4-6,7/26/18,341.6,261.42
BC4-5,7/26/18,334.3,254.12
BC4-4,7/26/18,293.6,213.42
BC3-1,7/26/18,340.4,260.22
BC4-2,7/26/18,301,220.82
BC4-11,7/26/18,300.3,220.12
BC4-1,7/26/18,358,277.82
BC4-7,7/26/18,286.2,206.02
BC4-10,7/26/18,338.3,258.12
BC4-13,7/26/18,326.2,246.02
BC3-9,7/26/18,353.8,273.62
BC3-15,7/26/18,337.1,256.92
BC3-12,7/26/18,332.5,252.32
BC4-14,7/26/18,317.5,237.32
BC4-6,7/26/18,341.6,261.42
BC4-5,7/26/18,334.3,254.12
BC4-4,7/26/18,293.6,213.42
BC3-1,7/26/18,340.4,260.22
BC4-2,7/26/18,301,220.82
BC4-11,7/26/18,300.3,220.12
BC4-1,7/26/18,358,277.82
BC4-7,7/26/18,286.2,206.02
BC4-10,7/26/18,338.3,258.12
BC4-13,7/26/18,326.2,246.02
BC3-9,7/26/18,353.8,273.62
BC3-15,7/26/18,337.1,256.92
BC2-12,7/26/18,345,264.82
BC3-4,7/26/18,353.1,272.92
BC3-10,7/26/18,297.8,217.62
BC2-11,7/26/18,341.7,261.52
BC2-9,7/26/18,346.2,266.02
BC2-2,7/26/18,313.4,233.22
BC3-11,7/26/18,331.5,251.32
BC3-8,7/26/18,336,255.82
BC3-6,7/26/18,328.7,248.52
BC3-13,7/26/18,340.1,259.92
BC2-8,7/26/18,349.6,269.42
BC2-4,7/26/18,324.7,244.52
BC2-14,7/26/18,322.9,242.72
BC2-6,7/26/18,334,253.82
BC2-12,7/26/18,345,264.82
BC3-4,7/26/18,353.1,272.92
BC3-10,7/26/18,297.8,217.62
BC2-11,7/26/18,341.7,261.52
BC2-9,7/26/18,346.2,266.02
BC2-2,7/26/18,313.4,233.22
BC3-11,7/26/18,331.5,251.32
BC3-8,7/26/18,336,255.82
BC3-6,7/26/18,328.7,248.52
BC3-13,7/26/18,340.1,259.92
BC2-8,7/26/18,349.6,269.42
BC2-4,7/26/18,324.7,244.52
BC2-14,7/26/18,322.9,242.72
BC2-6,7/26/18,334,253.82
BC13-6,7/26/18,331.3,251.12
BC13-8,7/26/18,318.4,238.22
BC13-4,7/26/18,348,267.82
BC13-1,7/26/18,311.6,231.42
BC13-2,7/26/18,350.8,270.62
BC2-1,7/26/18,255.3,175.12
BC13-3,7/26/18,326.3,246.12
BC13-7,7/26/18,319.4,239.22
BC2-3,7/26/18,326.8,246.62
BC13-9,7/26/18,326.5,246.32
BC13-15,7/26/18,364.7,284.52
BC13-10,7/26/18,341.9,261.72
BC13-6,7/26/18,331.3,251.12
BC13-8,7/26/18,318.4,238.22
BC13-4,7/26/18,348,267.82
BC13-1,7/26/18,311.6,231.42
BC13-2,7/26/18,350.8,270.62
BC2-1,7/26/18,255.3,175.12
BC13-3,7/26/18,326.3,246.12
BC13-7,7/26/18,319.4,239.22
BC2-3,7/26/18,326.8,246.62
BC13-9,7/26/18,326.5,246.32
BC13-15,7/26/18,364.7,284.52
BC13-10,7/26/18,341.9,261.72
BC12-9,7/26/18,340,259.82
BC12-7,7/26/18,348.6,268.42
BC12-10,7/26/18,3562,3481.82
BC12-8,7/26/18,343.8,263.62
BC12-5,7/26/18,359.2,279.02
BC12-11,7/26/18,381.4,301.22
BC12-12,7/26/18,354.8,274.62
BC14-10,7/26/18,314.3,234.12
BC14-15,7/26/18,363.1,282.92
BC12-6,7/26/18,344.9,264.72
BC12-2,7/26/18,344,263.82
BC14-7,7/26/18,360.1,279.92
BC12-15,7/26/18,382.9,302.72
BC14-3,7/26/18,282.5,202.32
BC14-8,7/27/18,322.1,241.92
BC15-1,7/27/18,310,229.82
BC14-14,7/27/18,341,260.82
BC14-14,7/27/18,341,260.82
BC14-2,7/27/18,322.4,242.22
BC14-5,7/27/18,308.1,227.92
BC14-4,7/27/18,309.2,229.02
BC15-14,7/27/18,230.9,150.72
BC15-8,7/27/18,222.2,142.02
BC15-10,7/27/18,245,164.82
BC15-4,7/27/18,235.3,155.12
BC15-12,7/27/18,277,196.82
BC15-13,7/27/18,256.4,176.22
BC15-9,7/27/18,195,114.82
BC13-15,7/27/18,364.7,284.52
BC13-4,7/27/18,348,267.82
BC13-8,7/27/18,318.4,238.22
BC13-9,7/27/18,326.5,246.32
BC15-5,7/27/18,279,198.82
BC13-1,7/27/18,311.6,231.42
BC15-3,7/27/18,201.6,121.42
BC13-6,7/27/18,331.3,251.12
BC13-2,7/27/18,350.8,270.62
BC13-7,7/27/18,319.4,239.22
BC13-10,7/27/18,341.9,261.72
BC13-3,7/27/18,326.3,246.12
BC2-1,7/27/18,255.3,175.12
BC2-3,7/27/18,326.8,246.62
BC2-2,7/27/18,313.4,233.22
BC2-14,7/27/18,322.9,242.72
BC2-6,7/27/18,334,253.82
BC3-13,7/27/18,340.1,259.92
BC3-4,7/27/18,353.1,272.92
BC3-11,7/27/18,331.5,251.32
BC2-12,7/27/18,345,264.82
BC3-6,7/27/18,328.7,248.52
BC3-15,7/27/18,337.1,256.92
BC3-1,7/27/18,340.4,260.22
BC2-8,7/27/18,349.6,269.42
BC2-9,7/27/18,346.2,266.02
BC2-11,7/27/18,341.7,261.52
BC2-4,7/27/18,324.7,244.52
BC3-12,7/27/18,332.5,252.32
BC4-10,7/27/18,338.3,258.12
BC4-4,7/27/18,293.6,213.42
BC4-11,7/27/18,300.3,220.12
BC3-9,7/27/18,353.8,273.62
BC3-8,7/27/18,336,255.82
BC3-10,7/27/18,297.8,217.62
BC4-1,7/27/18,358,277.82
BC4-6,7/27/18,341.6,261.42
BC4-14,7/27/18,317.5,237.32
BC4-3,7/27/18,278,197.82
BC4-2,7/27/18,301,220.82
BC4-5,7/27/18,334.3,254.12
BC4-7,7/27/18,286.2,206.02
BC12-8,7/31/18,343.8,263.62
BC12-12,7/31/18,354.1,273.92
BC12-2,7/31/18,342.1,261.92
BC12-11,7/31/18,383.3,303.12
BC12-15,7/31/18,380.2,300.02
BC14-3,7/31/18,283.1,202.92
BC14-1,7/31/18,331.2,251.02
BC12-6,7/31/18,345.9,265.72
BC12-9,7/31/18,340.2,260.02
BC12-7,7/31/18,349,268.82
BC14-10,7/31/18,316,235.82
BC12-10,7/31/18,358.6,278.42
BC14-2,7/31/18,324.4,244.22
BC12-5,7/31/18,361.5,281.32
BC12-8,7/31/18,343.8,263.62
BC12-12,7/31/18,354.1,273.92
BC12-2,7/31/18,342.1,261.92
BC12-11,7/31/18,383.3,303.12
BC12-15,7/31/18,380.2,300.02
BC14-3,7/31/18,283.1,202.92
BC14-1,7/31/18,331.2,251.02
BC12-6,7/31/18,345.9,265.72
BC12-9,7/31/18,340.2,260.02
BC12-7,7/31/18,349,268.82
BC14-10,7/31/18,316,235.82
BC12-10,7/31/18,358.6,278.42
BC14-2,7/31/18,324.4,244.22
BC12-5,7/31/18,361.5,281.32
BC14-7,7/31/18,361.1,280.92
BC15-10,7/31/18,241.4,161.22
BC15-5,7/31/18,275.5,195.32
BC14-4,7/31/18,310.1,229.92
BC15-8,7/31/18,219.4,139.22
BC14-8,7/31/18,319.4,239.22
BC15-12,7/31/18,273.3,193.12
BC14-2,7/31/18,324.4,244.22
BC15-14,7/31/18,233.2,153.02
BC15-1,7/31/18,309.1,228.92
BC15-4,7/31/18,233.7,153.52
BC14-14,7/31/18,341.5,261.32
BC14-15,7/31/18,365.4,285.22
BC15-9,7/31/18,196.3,116.12
BC14-7,7/31/18,361.1,280.92
BC15-10,7/31/18,241.4,161.22
BC15-5,7/31/18,275.5,195.32
BC14-4,7/31/18,310.1,229.92
BC15-8,7/31/18,219.4,139.22
BC14-8,7/31/18,319.4,239.22
BC15-12,7/31/18,273.3,193.12
BC14-2,7/31/18,324.4,244.22
BC15-14,7/31/18,233.2,153.02
BC15-1,7/31/18,309.1,228.92
BC15-4,7/31/18,233.7,153.52
BC14-14,7/31/18,341.5,261.32
BC14-15,7/31/18,365.4,285.22
BC15-9,7/31/18,196.3,116.12
BC15-13,7/31/18,253.6,173.42
Water,7/31/18,#N/A,#N/A
BC15-3,7/31/18,203.7,123.52
BC15-3,7/31/18,203.7,123.52
BC15-13,7/31/18,253.6,173.42
BC12-15,8/1/18,380.2,300.02
BC12-12,8/1/18,354.1,273.92
BC12-8,8/1/18,343.8,263.62
BC14-8,8/1/18,319.4,239.22
BC14-4,8/1/18,310.1,229.92
BC12-2,8/1/18,342.1,261.92
BC12-11,8/1/18,383.3,303.12
BC12-6,8/1/18,345.9,265.72
BC14-14,8/1/18,341.5,261.32
BC12-9,8/1/18,340.2,260.02
BC12-10,8/1/18,358.6,278.42
BC12-5,8/1/18,361.5,281.32
BC14-2,8/1/18,324.4,244.22
BC12-7,8/1/18,349,268.82
BC14-3,8/1/18,283.1,202.92
BC15-8,8/1/18,219.4,139.22
BC15-5,8/1/18,275.5,195.32
BC15-10,8/1/18,241.4,161.22
BC15-13,8/1/18,253.6,173.42
BC14-7,8/1/18,361.1,280.92
BC14-1,8/1/18,331.2,251.02
BC15-9,8/1/18,196.3,116.12
BC15-4,8/1/18,233.7,153.52
BC15-3,8/1/18,203.7,123.52
BC15-1,8/1/18,309.1,228.92
BC14-15,8/1/18,365.4,285.22
BC14-5,8/1/18,309.7,229.52
BC14-10,8/1/18,316,235.82
BC13-1,8/1/18,312,231.82
BC2-9,8/1/18,350.7,270.52
BC13-4,8/1/18,350,269.82
BC13-8,8/1/18,320,239.82
BC2-11,8/1/18,350,269.82
BC13-6,8/1/18,334,253.82
BC13-2,8/1/18,355,274.82
BC13-15,8/1/18,368.3,288.12
BC13-9,8/1/18,328.5,248.32
BC13-3,8/1/18,330.2,250.02
BC13-7,8/1/18,319.2,239.02
BC13-10,8/1/18,343.4,263.22
BC2-14,8/1/18,324,243.82
BC2-8,8/1/18,350.1,269.92
BC3-10,8/1/18,300,219.82
BC3-12,8/1/18,340,259.82
BC3-11,8/1/18,334,253.82
BC2-2,8/1/18,330,249.82
BC2-12,8/1/18,354,273.82
BC2-1,8/1/18,260,179.82
BC3-1,8/1/18,343.8,263.62
BC3-6,8/1/18,330.1,249.92
BC3-8,8/1/18,339.1,258.92
BC2-4,8/1/18,329.3,249.12
BC3-9,8/1/18,356,275.82
BC3-15,8/1/18,337,256.82
BC2-3,8/1/18,328.1,247.92
BC2-6,8/1/18,334.2,254.02
BC4-6,8/1/18,345,264.82
BC4-4,8/1/18,295,214.82
BC4-14,8/1/18,320,239.82
BC4-2,8/1/18,301,220.82
BC3-4,8/1/18,355,274.82
BC4-5,8/1/18,335,254.82
BC15-12,8/1/18,273.3,193.12
BC4-1,8/1/18,360.3,280.12
BC4-10,8/1/18,339.7,259.52
BC15-14,8/1/18,233.2,153.02
BC4-7,8/1/18,285.9,205.72
BC4-11,8/1/18,300.6,220.42
BC4-13,8/1/18,324,243.82
BC3-13,8/1/18,340.6,260.42
BC12-12,8/2/18,354.1,273.92
BC12-11,8/2/18,383.3,303.12
BC14-7,8/2/18,361.1,280.92
BC12-15,8/2/18,380.2,300.02
BC14-3,8/2/18,283.1,202.92
BC12-8,8/2/18,343.8,263.62
BC12-2,8/2/18,342.1,261.92
BC12-9,8/2/18,340.2,260.02
BC14-10,8/2/18,316,235.82
BC14-5,8/2/18,309.7,229.52
BC12-7,8/2/18,349,268.82
BC12-6,8/2/18,345.9,265.72
BC12-5,8/2/18,361.5,281.32
BC12-10,8/2/18,358.6,278.42
BC12-12,8/2/18,354.1,273.92
BC12-11,8/2/18,383.3,303.12
BC14-7,8/2/18,361.1,280.92
BC12-15,8/2/18,380.2,300.02
BC14-3,8/2/18,283.1,202.92
BC12-8,8/2/18,343.8,263.62
BC12-2,8/2/18,342.1,261.92
BC12-9,8/2/18,340.2,260.02
BC14-10,8/2/18,316,235.82
BC14-5,8/2/18,309.7,229.52
BC12-7,8/2/18,349,268.82
BC12-6,8/2/18,345.9,265.72
BC12-5,8/2/18,361.5,281.32
BC12-10,8/2/18,358.6,278.42
BC15-12,8/2/18,273.3,193.12
BC15-8,8/2/18,219.4,139.22
BC15-13,8/2/18,253.6,173.42
BC15-10,8/2/18,241.4,161.22
BC14-8,8/2/18,319.4,239.22
BC14-4,8/2/18,310.1,229.92
BC14-1,8/2/18,331.2,251.02
BC15-4,8/2/18,233.7,153.52
BC14-2,8/2/18,324.4,244.22
BC15-1,8/2/18,309.1,228.92
BC15-9,8/2/18,196.3,116.12
BC14-15,8/2/18,365.4,285.22
BC14-14,8/2/18,341.5,261.32
BC15-14,8/2/18,233.2,153.02
BC15-12,8/2/18,273.3,193.12
BC15-8,8/2/18,219.4,139.22
BC15-13,8/2/18,253.6,173.42
BC15-10,8/2/18,241.4,161.22
BC14-8,8/2/18,319.4,239.22
BC14-4,8/2/18,310.1,229.92
BC14-1,8/2/18,331.2,251.02
BC15-4,8/2/18,233.7,153.52
BC14-2,8/2/18,324.4,244.22
BC15-1,8/2/18,309.1,228.92
BC15-9,8/2/18,196.3,116.12
BC14-15,8/2/18,365.4,285.22
BC14-14,8/2/18,341.5,261.32
BC15-14,8/2/18,233.2,153.02
BC15-5,8/2/18,275.5,195.32
BC15-3,8/2/18,203.7,123.52
BC15-5,8/2/18,275.5,195.32
BC15-3,8/2/18,203.7,123.52
BC12-2,8/3/18,342.1,261.92
BC12-8,8/3/18,343.8,263.62
BC14-1,8/3/18,331.2,251.02
BC12-11,8/3/18,383.3,303.12
BC12-15,8/3/18,380.2,300.02
BC12-12,8/3/18,354.1,273.92
BC14-4,8/3/18,310.1,229.92
BC14-15,8/3/18,365.4,285.22
BC12-10,8/3/18,358.6,278.42
BC14-2,8/3/18,324.4,244.22
BC12-9,8/3/18,340.2,260.02
BC12-6,8/3/18,345.9,265.72
BC12-7,8/3/18,349,268.82
BC12-5,8/3/18,361.5,281.32
BC15-13,8/3/18,253.6,173.42
BC14-3,8/3/18,283.1,202.92
BC14-8,8/3/18,319.4,239.22
BC15-5,8/3/18,275.5,195.32
BC15-8,8/3/18,219.4,139.22
BC15-10,8/3/18,241.4,161.22
BC14-7,8/3/18,361.1,280.92
BC15-3,8/3/18,203.7,123.52
BC14-5,8/3/18,309.7,229.52
BC15-1,8/3/18,309.1,228.92
BC14-14,8/3/18,341.5,261.32
BC15-14,8/3/18,233.2,153.02
BC15-9,8/3/18,196.3,116.12
BC14-10,8/3/18,316,235.82
BC15-4,8/3/18,233.7,153.52
BC15-12,8/3/18,273.3,193.12
BC2-11,8/7/18,362.4,282.22
BC2-9,8/7/18,362.1,281.92
BC3-12,8/7/18,343.4,263.22
BC3-12,8/7/18,343.4,263.22
BC2-12,8/7/18,358.9,278.72
BC2-1,8/7/18,284.2,204.02
BC2-2,8/7/18,330,249.82
BC2-8,8/7/18,348.8,268.62
BC3-15,8/7/18,334.3,254.12
BC3-13,8/7/18,338.2,258.02
BC2-14,8/7/18,322.4,242.22
BC2-3,8/7/18,325.5,245.32
BC2-4,8/7/18,327.3,247.12
BC2-6,8/7/18,332.3,252.12
BC4-2,8/7/18,301,220.82
BC3-11,8/7/18,335,254.82
BC4-4,8/7/18,294.5,214.32
BC3-4,8/7/18,358.1,277.92
BC4-5,8/7/18,327.7,247.52
BC4-14,8/7/18,325.8,245.62
BC3-10,8/7/18,304.3,224.12
BC3-8,8/7/18,337.1,256.92
BC3-6,8/7/18,328,247.82
BC4-13,8/7/18,321.1,240.92
BC3-9,8/7/18,353.3,273.12
BC4-1,8/7/18,355,274.82
BC4-7,8/7/18,282.5,202.32
BC4-11,8/7/18,298.3,218.12
BC12-10,8/7/18,356,275.82
BC15-4,8/7/18,232.5,152.32
BC15-14,8/7/18,230,149.82
BC15-9,8/7/18,194.8,114.62
BC15-14,8/7/18,307.8,227.62
BC4-10,8/7/18,336.5,256.32
BC15-3,8/7/18,202.2,122.02
BC4-6,8/7/18,344.8,264.62
BC15-5,8/7/18,327,246.82
BC12-11,8/7/18,395.8,315.62
BC15-13,8/7/18,314.1,233.92
BC15-10,8/7/18,310.8,230.62
BC15-12,8/7/18,339.4,259.22
BC15-8,8/7/18,263.1,182.92
BC12-7,8/7/18,347.7,267.52
BC12-6,8/7/18,343.4,263.22
BC14-2,8/7/18,322,241.82
BC12-5,8/7/18,358.7,278.52
BC14-5,8/7/18,307,226.82
BC12-9,8/7/18,337.5,257.32
BC14-14,8/7/18,338.5,258.32
BC14-3,8/7/18,300.7,220.52
BC12-8,8/7/18,362.9,282.72
BC14-4,8/7/18,320.1,239.92
BC14-1,8/7/18,340.1,259.92
BC12-12,8/7/18,366.1,285.92
BC12-2,8/7/18,356.6,276.42
BC12-15,8/7/18,397,316.82
BC13-3,8/7/18,330.1,249.92
BC13-10,8/7/18,342,261.82
BC13-15,8/7/18,366.6,286.42
BC13-9,8/7/18,326.8,246.62
BC14-15,8/7/18,363.1,282.92
BC13-7,8/7/18,316.3,236.12
BC14-10,8/7/18,312.4,232.22
BC14-8,8/7/18,344.7,264.52
BC14-7,8/7/18,368.8,288.62
BC13-6,8/7/18,338,257.82
BC13-1,8/7/18,322.1,241.92
BC13-8,8/7/18,327.4,247.22
BC13-4,8/7/18,353.8,273.62
BC13-2,8/7/18,357.4,277.22
BC15-10,8/10/18,310.8,230.62
BC15-5,8/10/18,327,246.82
BC2-1,8/10/18,284.2,204.02
BC2-12,8/10/18,358.9,278.72
BC15-12,8/10/18,339.4,259.22
BC15-13,8/10/18,314.1,233.92
BC15-8,8/10/18,263.1,182.92
BC2-14,8/10/18,322.4,242.22
BC15-9,8/10/18,194.8,114.62
BC15-14,8/10/18,230,149.82
BC15-3,8/10/18,202.2,122.02
BC15-4,8/10/18,232.5,152.32
BC15-1,8/10/18,307.8,227.62
BC2-4,8/10/18,327.3,247.12
BC3-4,8/10/18,358.1,277.92
BC2-2,8/10/18,320,239.82
BC2-9,8/10/18,362.1,281.92
BC3-10,8/10/18,304.3,224.12
BC3-12,8/10/18,343.4,263.22
BC2-11,8/10/18,362.4,282.22
BC3-11,8/10/18,335,254.82
BC3-9,8/10/18,353.3,273.12
BC2-8,8/10/18,348.8,268.62
BC3-8,8/10/18,337.1,256.92
BC2-3,8/10/18,325.5,245.32
BC2-6,8/10/18,332.3,252.12
BC3-6,8/10/18,328,247.82
BC3-15,8/10/18,334.3,254.12
BC3-13,8/10/18,338.2,258.02
BC4-10,8/10/18,336.5,256.32
BC4-10,8/10/18,336.5,256.32
BC12-7,8/10/18,347.7,267.52
BC4-11,8/10/18,298.3,218.12
BC4-7,8/10/18,282.5,202.32
BC4-13,8/10/18,321.1,240.92
BC4-4,8/10/18,294.5,214.32
BC4-2,8/10/18,301,220.82
BC4-6,8/10/18,344.8,264.62
BC12-15,8/10/18,397,316.82
BC4-5,8/10/18,327.7,247.52
BC4-14,8/10/18,325.8,245.62
BC3-1,8/10/18,347,266.82
BC12-9,8/10/18,337.5,257.32
BC12-5,8/10/18,358.7,278.52
BC14-15,8/10/18,363.1,282.92
BC12-10,8/10/18,356,275.82
BC12-6,8/10/18,343.4,263.22
BC14-2,8/10/18,322,241.82
BC14-10,8/10/18,312.4,232.22
BC14-3,8/10/18,300.7,220.52
BC12-11,8/10/18,395.8,315.62
BC12-8,8/10/18,362.9,282.72
BC14-7,8/10/18,368.8,288.62
BC12-12,8/10/18,366.1,285.92
BC12-2,8/10/18,356.6,276.42
BC14-8,8/10/18,344.7,264.52
BC13-10,8/10/18,342,261.82
BC13-3,8/10/18,330.1,249.92
BC13-9,8/10/18,326.8,246.62
BC13-7,8/10/18,316.3,236.12
BC13-15,8/10/18,366.6,286.42
BC14-14,8/10/18,338.5,258.32
BC14-5,8/10/18,307,226.82
BC13-6,8/10/18,338,257.82
BC13-1,8/10/18,322.1,241.92
BC14-1,8/10/18,340.1,259.92
BC13-4,8/10/18,353.8,273.62
BC14-4,8/10/18,320.1,239.92
BC13-8,8/10/18,327.4,247.22
BC13-2,8/10/18,357.4,277.22
BC12-8,8/13/18,355.3,275.12
BC12-12,8/13/18,362.1,281.92
BC12-6,8/13/18,352.7,272.52
BC12-15,8/13/18,390.3,310.12
BC12-11,8/13/18,393,312.82
BC12-10,8/13/18,359.7,279.52
BC12-2,8/13/18,348.8,268.62
BC12-7,8/13/18,351.7,271.52
BC13-6,8/13/18,335,254.82
BC12-9,8/13/18,339,258.82
BC13-7,8/13/18,320.8,240.62
BC13-9,8/13/18,330.2,250.02
BC12-5,8/13/18,358.6,278.42
BC13-4,8/13/18,351.4,271.22
BC13-10,8/13/18,346.3,266.12
BC13-15,8/13/18,369.8,289.62
BC13-3,8/13/18,327.6,247.42
BC13-8,8/13/18,324,243.82
BC14-15,8/13/18,363.7,283.52
BC13-1,8/13/18,318.7,238.52
BC13-13,8/13/18,306,225.82
BC14-5,8/13/18,308.7,228.52
BC14-4,8/13/18,312.6,232.42
BC14-3,8/13/18,293.5,213.32
BC14-1,8/13/18,338.2,258.02
BC14-2,8/13/18,325.6,245.42
BC14-8,8/13/18,340.8,260.62
BC14-10,8/13/18,315.8,235.62
BC14-10,8/13/18,315.8,235.62
BC14-7,8/13/18,364,283.82
BC2-6,8/14/18,336.5,256.32
BC2-8,8/14/18,349.4,269.22
BC3-9,8/14/18,346.1,265.92
BC3-1,8/14/18,343.8,263.62
BC3-6,8/14/18,334.6,254.42
BC2-12,8/14/18,355.4,275.22
BC3-12,8/14/18,339.1,258.92
BC2-2,8/14/18,327,246.82
BC2-9,8/14/18,358.5,278.32
BC2-4,8/14/18,329.8,249.62
BC2-14,8/14/18,325.6,245.42
BC2-1,8/14/18,277.3,197.12
BC2-11,8/14/18,358.7,278.52
BC2-3,8/14/18,325,244.82
BC2-6,8/14/18,336.5,256.32
BC2-8,8/14/18,349.4,269.22
BC3-9,8/14/18,346.1,265.92
BC3-1,8/14/18,343.8,263.62
BC3-6,8/14/18,334.6,254.42
BC2-12,8/14/18,355.4,275.22
BC3-12,8/14/18,339.1,258.92
BC2-2,8/14/18,327,246.82
BC2-9,8/14/18,358.5,278.32
BC2-4,8/14/18,329.8,249.62
BC2-14,8/14/18,325.6,245.42
BC2-1,8/14/18,277.3,197.12
BC2-11,8/14/18,358.7,278.52
BC2-3,8/14/18,325,244.82
BC4-4,8/14/18,294.2,214.02
BC4-2,8/14/18,302,221.82
BC3-4,8/14/18,354.7,274.52
BC4-5,8/14/18,330.5,250.32
BC3-11,8/14/18,332.3,252.12
BC3-10,8/14/18,300.6,220.42
BC4-6,8/14/18,343,262.82
BC4-7,8/14/18,384.9,304.72
BC4-13,8/14/18,317.3,237.12
BC4-1,8/14/18,359.3,279.12
BC3-8,8/14/18,336.5,256.32
BC3-13,8/14/18,344.8,264.62
BC4-10,8/14/18,336.6,256.42
BC3-15,8/14/18,335.6,255.42
BC4-4,8/14/18,294.2,214.02
BC4-2,8/14/18,302,221.82
BC3-4,8/14/18,354.7,274.52
BC4-5,8/14/18,330.5,250.32
BC3-11,8/14/18,332.3,252.12
BC3-10,8/14/18,300.6,220.42
BC4-6,8/14/18,343,262.82
BC4-7,8/14/18,384.9,304.72
BC4-13,8/14/18,317.3,237.12
BC4-1,8/14/18,359.3,279.12
BC3-8,8/14/18,336.5,256.32
BC3-13,8/14/18,344.8,264.62
BC4-10,8/14/18,336.6,256.42
BC3-15,8/14/18,335.6,255.42
BC15-10,8/14/18,298,217.82
BC15-5,8/14/18,236.3,156.12
SEAWATER,8/14/18,#N/A,#N/A
BC15-13,8/14/18,305.5,225.32
BC4-14,8/14/18,319.7,239.52
BC15-8,8/14/18,256.5,176.32
BC15-12,8/14/18,332,251.82
BC15-3,8/14/18,204,123.82
BC4-11,8/14/18,303.4,223.22
BC15-9,8/14/18,196.8,116.62
BC15-1,8/14/18,308.8,228.62
BC15-4,8/14/18,235,154.82
BC15-14,8/14/18,230.2,150.02
BC15-10,8/14/18,298,217.82
BC15-5,8/14/18,236.3,156.12
SEAWATER,8/14/18,#N/A,#N/A
BC15-13,8/14/18,305.5,225.32
BC4-14,8/14/18,319.7,239.52
BC15-8,8/14/18,256.5,176.32
BC15-12,8/14/18,332,251.82
BC15-3,8/14/18,204,123.82
BC4-11,8/14/18,303.4,223.22
BC15-9,8/14/18,196.8,116.62
BC15-1,8/14/18,308.8,228.62
BC15-4,8/14/18,235,154.82
BC15-14,8/14/18,230.2,150.02
BC2-11,8/15/18,358.7,278.52
BC3-4,8/15/18,354.7,274.52
BC2-11,8/15/18,358.7,278.52
BC3-11,8/15/18,332.3,252.12
BC2-9,8/15/18,358.5,278.32
BC2-12,8/15/18,355.4,275.22
BC2-2,8/15/18,327,246.82
BC3-13,8/15/18,344.8,264.62
BC2-8,8/15/18,349.4,269.22
BC3-8,8/15/18,336.5,256.32
BC2-4,8/15/18,329.8,249.62
BC2-6,8/15/18,336.5,256.32
BC2-14,8/15/18,325.6,245.42
BC2-3,8/15/18,325,244.82
BC4-2,8/15/18,302,221.82
BC3-10,8/15/18,300.6,220.42
BC4-14,8/15/18,319.7,239.52
BC4-5,8/15/18,330.5,250.32
BC4-4,8/15/18,294.2,214.02
BC3-10,8/15/18,300.6,220.42
BC3-12,8/15/18,339.1,258.92
BC3-9,8/15/18,346.1,265.92
BC4-11,8/15/18,303.4,223.22
BC4-13,8/15/18,317.3,237.12
BC4-7,8/15/18,384.9,304.72
BC3-6,8/15/18,334.6,254.42
BC3-15,8/15/18,335.6,255.42
BC4-1,8/15/18,359.3,279.12
BC15-8,8/15/18,256.5,176.32
BC15-12,8/15/18,332,251.82
BC15-13,8/15/18,305.5,225.32
BC15-10,8/15/18,298,217.82
BC15-5,8/15/18,236.3,156.12
BC4-6,8/15/18,343,262.82
BC15-4,8/15/18,235,154.82
BC15-1,8/15/18,308.8,228.62
BC15-14,8/15/18,230.2,150.02
BC4-10,8/15/18,336.6,256.42
BC15-9,8/15/18,196.8,116.62
BC15-3,8/15/18,204,123.82
BC2-2,8/16/18,327,246.82
BC2-11,8/16/18,358.7,278.52
BC2-12,8/16/18,355.4,275.22
BC3-12,8/16/18,339.1,258.92
BC2-9,8/16/18,358.5,278.32
BC2-1,8/16/18,277.3,197.12
BC3-1,8/16/18,343.8,263.62
BC2-4,8/16/18,329.8,249.62
BC2-14,8/16/18,325.6,245.42
BC2-8,8/16/18,349.4,269.22
BC2-6,8/16/18,336.5,256.32
BC2-3,8/16/18,325,244.82
BC3-6,8/16/18,334.6,254.42
BC3-9,8/16/18,346.1,265.92
BC2-2,8/16/18,327,246.82
BC2-11,8/16/18,358.7,278.52
BC2-12,8/16/18,355.4,275.22
BC3-12,8/16/18,339.1,258.92
BC2-9,8/16/18,358.5,278.32
BC2-1,8/16/18,277.3,197.12
BC3-1,8/16/18,343.8,263.62
BC2-4,8/16/18,329.8,249.62
BC2-14,8/16/18,325.6,245.42
BC2-8,8/16/18,349.4,269.22
BC2-6,8/16/18,336.5,256.32
BC2-3,8/16/18,325,244.82
BC3-6,8/16/18,334.6,254.42
BC3-9,8/16/18,346.1,265.92
BC3-10,8/16/18,300.6,220.42
BC3-11,8/16/18,332.3,252.12
BC3-4,8/16/18,354.7,274.52
BC4-6,8/16/18,343,262.82
BC4-2,8/16/18,302,221.82
BC4-5,8/16/18,330.5,250.32
BC4-14,8/16/18,319.7,239.52
BC4-10,8/16/18,336.6,256.42
BC3-15,8/16/18,335.6,255.42
BC4-1,8/16/18,359.3,279.12
BC3-8,8/16/18,336.5,256.32
BC4-7,8/16/18,384.9,304.72
BC4-11,8/16/18,303.4,223.22
BC3-13,8/16/18,344.8,264.62
BC3-10,8/16/18,300.6,220.42
BC3-11,8/16/18,332.3,252.12
BC3-4,8/16/18,354.7,274.52
BC4-6,8/16/18,343,262.82
BC4-2,8/16/18,302,221.82
BC4-5,8/16/18,330.5,250.32
BC4-14,8/16/18,319.7,239.52
BC4-10,8/16/18,336.6,256.42
BC3-15,8/16/18,335.6,255.42
BC4-1,8/16/18,359.3,279.12
BC3-8,8/16/18,336.5,256.32
BC4-7,8/16/18,384.9,304.72
BC4-11,8/16/18,303.4,223.22
BC3-13,8/16/18,344.8,264.62
BC15-10,8/16/18,298,217.82
BC15-5,8/16/18,236.3,156.12
BC15-8,8/16/18,256.5,176.32
BC15-12,8/16/18,332,251.82
BC15-13,8/16/18,305.5,225.32
BC4-4,8/16/18,294.2,214.02
BC15-14,8/16/18,230.2,150.02
BC15-1,8/16/18,308.8,228.62
BC15-3,8/16/18,204,123.82
BC15-4,8/16/18,235,154.82
BC4-13,8/16/18,317.3,237.12
BC15-9,8/16/18,196.8,116.62
BC15-10,8/16/18,298,217.82
BC15-5,8/16/18,236.3,156.12
BC15-8,8/16/18,256.5,176.32
BC15-12,8/16/18,332,251.82
BC15-13,8/16/18,305.5,225.32
BC4-4,8/16/18,294.2,214.02
BC15-14,8/16/18,230.2,150.02
BC15-1,8/16/18,308.8,228.62
BC15-3,8/16/18,204,123.82
BC15-4,8/16/18,235,154.82
BC4-13,8/16/18,317.3,237.12
BC15-9,8/16/18,196.8,116.62
BC3-11,8/17/18,342.6,262.42
BC2-9,8/17/18,373.5,293.32
BC3-10,8/17/18,324.4,244.22
BC2-12,8/17/18,365,284.82
BC2-2,8/17/18,343.7,263.52
BC2-1,8/17/18,295,214.82
BC2-11,8/17/18,371.8,291.62
BC2-6,8/17/18,333.9,253.72
BC3-8,8/17/18,340.2,260.02
BC2-8,8/17/18,347.7,267.52
BC2-14,8/17/18,323.8,243.62
BC2-4,8/17/18,332.1,251.92
BC2-3,8/17/18,328.8,248.62
BC3-15,8/17/18,340.8,260.62
BC3-12,8/17/18,354.8,274.62
BC4-2,8/17/18,308.9,228.72
BC4-4,8/17/18,309.9,229.72
BC3-4,8/17/18,369.5,289.32
BC4-6,8/17/18,365.6,285.42
BC4-5,8/17/18,335.6,255.42
BC3-12,8/17/18,354.8,274.62
BC3-13,8/17/18,341.5,261.32
BC3-9,8/17/18,357,276.82
BC3-6,8/17/18,336.5,256.32
BC4-1,8/17/18,356.2,276.02
BC4-13,8/17/18,314.9,234.72
BC4-7,8/17/18,382,301.82
BC4-11,8/17/18,303.6,223.42
BC15-12,8/17/18,335,254.82
BC15-5,8/17/18,240,159.82
BC4-14,8/17/18,336.3,256.12
BC15-13,8/17/18,315,234.82
BC15-1,8/17/18,309,228.82
BC15-8,8/17/18,260,179.82
BC15-10,8/17/18,300,219.82
BC15-3,8/17/18,203,122.82
BC15-9,8/17/18,196,115.82
BC15-14,8/17/18,230,149.82
BC4-10,8/17/18,336,255.82
BC15-4,8/17/18,236,155.82
BC2-1,8/20/18,290.4,210.22
BC2-2,8/20/18,336.7,256.52
BC15-13,8/20/18,329.2,249.02
BC15-12,8/20/18,349.9,269.72
BC15-10,8/20/18,314.1,233.92
BC15-5,8/20/18,334.4,254.22
BC15-8,8/20/18,277,196.82
BC15-9,8/20/18,195,114.82
BC15-3,8/20/18,202.3,122.12
BC2-4,8/20/18,330.1,249.92
BC15-14,8/20/18,228.3,148.12
BC15-1,8/20/18,310,229.82
BC2-3,8/20/18,325.6,245.42
BC15-4,8/20/18,235,154.82
BC3-10,8/20/18,320.2,240.02
BC3-12,8/20/18,351.9,271.72
BC2-11,8/20/18,368.5,288.32
BC3-11,8/20/18,337.4,257.22
BC3-4,8/20/18,366.5,286.32
BC2-12,8/20/18,362.7,282.52
BC2-9,8/20/18,370.1,289.92
BC3-8,8/20/18,339.6,259.42
BC2-8,8/20/18,346.8,266.62
BC3-9,8/20/18,358.2,278.02
BC2-14,8/20/18,326.8,246.62
BC3-6,8/20/18,332.3,252.12
BC3-15,8/20/18,337.4,257.22
BC2-6,8/20/18,336.4,256.22
BC4-5,8/20/18,333,252.82
BC4-14,8/20/18,329.2,249.02
BC3-1,8/20/18,348.5,268.32
BC4-2,8/20/18,304.2,224.02
BC4-6,8/20/18,364,283.82
BC4-4,8/20/18,304,223.82
BC4-13,8/20/18,314.7,234.52
BC4-7,8/20/18,282.2,202.02
BC4-11,8/20/18,304.1,223.92
BC4-1,8/20/18,356.3,276.12
BC3-13,8/20/18,345.3,265.12
BC4-10,8/20/18,335.7,255.52
BC12-11,8/21/18,390.4,310.22
BC14-1,8/21/18,336.5,256.32
BC14-4,8/21/18,313.2,233.02
BC12-8,8/21/18,350.9,270.72
BC12-2,8/21/18,344.8,264.62
BC12-12,8/21/18,359,278.82
BC12-15,8/21/18,386.5,306.32
BC12-5,8/21/18,362,281.82
BC14-14,8/21/18,343.3,263.12
BC14-15,8/21/18,363.6,283.42
BC12-9,8/21/18,337.9,257.72
BC12-6,8/21/18,357.1,276.92
BC12-7,8/21/18,351.5,271.32
BC12-10,8/21/18,356.9,276.72
BC13-4,8/21/18,349,268.82
BC13-1,8/21/18,316.2,236.02
BC13-2,8/21/18,351.7,271.52
BC13-8,8/21/18,321.3,241.12
BC14-7,8/21/18,360.3,280.12
BC14-8,8/21/18,337.6,257.42
BC14-3,8/21/18,286.9,206.72
BC13-9,8/21/18,329.9,249.72
BC13-15,8/21/18,366.1,285.92
BC14-10,8/21/18,316.8,236.62
BC13-3,8/21/18,325.7,245.52
BC14-2,8/21/18,326.6,246.42
BC14-5,8/21/18,306.5,226.32
BC13-10,8/21/18,343.6,263.42
BC13-6,8/21/18,332.9,252.72
BC13-7,8/21/18,319.5,239.32
BC13-4,8/21/18,349,268.82
BC13-1,8/21/18,316.2,236.02
BC13-2,8/21/18,351.7,271.52
BC13-8,8/21/18,321.3,241.12
BC14-7,8/21/18,360.3,280.12
BC14-8,8/21/18,337.6,257.42
BC14-3,8/21/18,286.9,206.72
BC13-9,8/21/18,329.9,249.72
BC13-15,8/21/18,366.1,285.92
BC14-10,8/21/18,316.8,236.62
BC13-3,8/21/18,325.7,245.52
BC14-2,8/21/18,326.6,246.42
BC14-5,8/21/18,306.5,226.32
BC13-10,8/21/18,343.6,263.42
BC12-11,8/21/18,390.4,310.22
BC14-1,8/21/18,336.5,256.32
BC14-4,8/21/18,313.2,233.02
BC12-8,8/21/18,350.9,270.72
BC12-2,8/21/18,344.8,264.62
BC12-12,8/21/18,359,278.82
BC12-15,8/21/18,386.5,306.32
BC12-5,8/21/18,362,281.82
BC14-14,8/21/18,343.3,263.12
BC14-15,8/21/18,363.6,283.42
BC12-9,8/21/18,337.9,257.72
BC12-6,8/21/18,357.1,276.92
BC12-7,8/21/18,351.5,271.32
BC12-10,8/21/18,356.9,276.72
BC13-6,8/21/18,332.9,252.72
BC13-7,8/21/18,319.5,239.32
SEAWATER,8/21/18,#N/A,#N/A
BC14-1,8/22/18,336.5,256.32
BC14-4,8/22/18,313.2,233.02
BC12-15,8/22/18,386.5,306.32
BC12-2,8/22/18,344.8,264.62
BC12-12,8/22/18,359,278.82
BC12-11,8/22/18,390.4,310.22
BC12-8,8/22/18,350.9,270.72
BC14-14,8/22/18,343.3,263.12
BC12-6,8/22/18,357.1,276.92
BC12-7,8/22/18,351.5,271.32
BC12-9,8/22/18,337.9,257.72
BC14-15,8/22/18,363.6,283.42
BC12-10,8/22/18,356.9,276.72
BC12-5,8/22/18,362,281.82
BC13-2,8/22/18,351.7,271.52
BC14-7,8/22/18,360.3,280.12
BC13-8,8/22/18,321.3,241.12
BC13-1,8/22/18,316.2,236.02
BC14-8,8/22/18,337.6,257.42
BC13-6,8/22/18,332.9,252.72
BC14-3,8/22/18,286.9,206.72
BC14-2,8/22/18,326.6,246.42
BC13-3,8/22/18,325.7,245.52
BC13-15,8/22/18,366.1,285.92
BC13-9,8/22/18,329.9,249.72
BC13-7,8/22/18,319.5,239.32
BC14-10,8/22/18,316.8,236.62
BC14-5,8/22/18,306.5,226.32
BC13-4,8/22/18,349,268.82
BC13-10,8/22/18,343.6,263.42
BC12-12,8/23/18,359,278.82
BC12-9,8/23/18,337.9,257.72
BC12-6,8/23/18,357.1,276.92
BC12-8,8/23/18,350.9,270.72
BC12-2,8/23/18,344.8,264.62
BC12-11,8/23/18,390.4,310.22
BC12-10,8/23/18,356.9,276.72
BC14-7,8/23/18,360.3,280.12
BC14-5,8/23/18,306.5,226.32
BC14-10,8/23/18,316.8,236.62
BC12-5,8/23/18,362,281.82
BC12-15,8/23/18,386.5,306.32
BC14-3,8/23/18,286.9,206.72
BC12-7,8/23/18,351.5,271.32
BC12-12,8/23/18,359,278.82
BC12-9,8/23/18,337.9,257.72
BC12-6,8/23/18,357.1,276.92
BC12-8,8/23/18,350.9,270.72
BC12-2,8/23/18,344.8,264.62
BC12-11,8/23/18,390.4,310.22
BC12-10,8/23/18,356.9,276.72
BC14-7,8/23/18,360.3,280.12
BC14-5,8/23/18,306.5,226.32
BC14-10,8/23/18,316.8,236.62
BC12-5,8/23/18,362,281.82
BC12-15,8/23/18,386.5,306.32
BC14-3,8/23/18,286.9,206.72
BC12-7,8/23/18,351.5,271.32
BC13-4,8/23/18,349,268.82
BC14-14,8/23/18,343.3,263.12
BC14-2,8/23/18,326.6,246.42
BC14-4,8/23/18,313.2,233.02
BC14-1,8/23/18,336.5,256.32
BC14-15,8/23/18,363.6,283.42
BC14-8,8/23/18,337.6,257.42
BC13-7,8/23/18,319.5,239.32
BC13-6,8/23/18,332.9,252.72
BC13-10,8/23/18,343.6,263.42
BC13-8,8/23/18,321.3,241.12
BC13-9,8/23/18,329.9,249.72
BC13-2,8/23/18,351.7,271.52
BC13-15,8/23/18,366.1,285.92
BC13-4,8/23/18,349,268.82
BC14-14,8/23/18,343.3,263.12
BC14-2,8/23/18,326.6,246.42
BC14-4,8/23/18,313.2,233.02
BC14-1,8/23/18,336.5,256.32
BC14-15,8/23/18,363.6,283.42
BC14-8,8/23/18,337.6,257.42
BC13-7,8/23/18,319.5,239.32
BC13-6,8/23/18,332.9,252.72
BC13-10,8/23/18,343.6,263.42
BC13-8,8/23/18,321.3,241.12
BC13-9,8/23/18,329.9,249.72
BC13-2,8/23/18,351.7,271.52
BC13-15,8/23/18,366.1,285.92
BC13-1,8/23/18,316.2,236.02
BC13-3,8/23/18,325.7,245.52
BC13-1,8/23/18,316.2,236.02
BC13-3,8/23/18,325.7,245.52
BC14-4,8/24/18,313.2,233.02
BC12-8,8/24/18,350.9,270.72
BC14-8,8/24/18,337.6,257.42
BC12-6,8/24/18,357.1,276.92
BC14-15,8/24/18,363.6,283.42
BC12-9,8/24/18,337.9,257.72
BC14-2,8/24/18,326.6,246.42
BC12-7,8/24/18,351.5,271.32
BC12-10,8/24/18,356.9,276.72
BC12-2,8/24/18,344.8,264.62
BC12-5,8/24/18,362,281.82
BC12-15,8/24/18,386.5,306.32
BC12-12,8/24/18,359,278.82
BC12-11,8/24/18,390.4,310.22
BC13-6,8/24/18,332.9,252.72
BC13-3,8/24/18,325.7,245.52
BC13-4,8/24/18,349,268.82
BC13-15,8/24/18,366.1,285.92
BC13-10,8/24/18,343.6,263.42
BC13-1,8/24/18,316.2,236.02
BC13-8,8/24/18,321.3,241.12
BC14-1,8/24/18,336.5,256.32
BC14-5,8/24/18,306.5,226.32
BC14-3,8/24/18,286.9,206.72
BC14-10,8/24/18,316.8,236.62
BC14-7,8/24/18,360.3,280.12
BC13-7,8/24/18,319.5,239.32
BC14-4,8/24/18,313.2,233.02
BC13-2,8/24/18,351.7,271.52
BC13-9,8/24/18,329.9,249.72
BC2-11,8/28/18,363.5,283.32
BC4-14,8/28/18,321.9,241.72
BC4-6,8/28/18,359,278.82
BC4-2,8/28/18,297.7,217.52
BC4-5,8/28/18,323.4,243.22
BC2-12,8/28/18,358.5,278.32
BC4-4,8/28/18,295.1,214.92
BC4-7,8/28/18,276.6,196.42
BC2-6,8/28/18,331.8,251.62
BC4-10,8/28/18,330.7,250.52
BC2-14,8/28/18,322.3,242.12
BC4-13,8/28/18,307.2,227.02
BC4-1,8/28/18,351.6,271.42
BC4-11,8/28/18,297,216.82
BC3-12,8/28/18,347.5,267.32
BC3-11,8/28/18,333.3,253.12
BC2-2,8/28/18,328.9,248.72
BC2-9,8/28/18,363.9,283.72
BC3-10,8/28/18,315,234.82
BC2-1,8/28/18,283.4,203.22
BC3-4,8/28/18,362.1,281.92
BC3-8,8/28/18,336.5,256.32
BC3-9,8/28/18,352.8,272.62
BC2-8,8/28/18,344.2,264.02
BC3-6,8/28/18,327.2,247.02
BC2-4,8/28/18,326.6,246.42
BC2-3,8/28/18,322.3,242.12
BC3-13,8/28/18,339.9,259.72
BC15-5,8/28/18,325.4,245.22
BC12-12,8/28/18,368.5,288.32
BC15-13,8/28/18,318.2,238.02
BC3-1,8/28/18,344.2,264.02
BC15-10,8/28/18,305.3,225.12
BC15-12,8/28/18,339,258.82
BC15-8,8/28/18,268.3,188.12
BC15-4,8/28/18,235,154.82
BC15-9,8/28/18,193.1,112.92
BC12-6,8/28/18,342.8,262.62
BC15-1,8/28/18,307.9,227.72
BC15-14,8/28/18,226.4,146.22
BC3-14,8/28/18,320,239.82
BC15-3,8/28/18,200.4,120.22
BC14-8,8/28/18,344.7,264.52
BC12-15,8/28/18,396.5,316.32
BC12-2,8/28/18,360.7,280.52
BC14-3,8/28/18,304.7,224.52
BC12-11,8/28/18,398.1,317.92
BC14-4,8/28/18,320.1,239.92
BC12-8,8/28/18,364.2,284.02
BC12-5,8/28/18,357.3,277.12
BC12-9,8/28/18,334.6,254.42
BC12-10,8/28/18,356.6,276.42
BC14-10,8/28/18,310.3,230.12
BC12-7,8/28/18,348.1,267.92
BC14-5,8/28/18,303.8,223.62
BC14-2,8/28/18,321.3,241.12
BC13-4,8/28/18,356.4,276.22
BC13-2,8/28/18,360.3,280.12
BC13-6,8/28/18,341.7,261.52
BC14-7,8/28/18,369.4,289.22
BC14-1,8/28/18,340.9,260.72
BC13-1,8/28/18,325.3,245.12
BC13-8,8/28/18,329.2,249.02
BC13-7,8/28/18,316.8,236.62
BC13-15,8/28/18,363.9,283.72
BC13-9,8/28/18,326.7,246.52
BC13-10,8/28/18,340.8,260.62
BC13-3,8/28/18,323.4,243.22
BC14-15,8/28/18,369.7,289.52
BC14-14,8/28/18,335.7,255.52
BC15-5,8/31/18,323,242.82
BC15-13,8/31/18,315.1,234.92
BC15-8,8/31/18,266.2,186.02
BC15-10,8/31/18,302.3,222.12
BC2-9,8/31/18,362.3,282.12
BC2-12,8/31/18,357.2,277.02
BC15-12,8/31/18,336.3,256.12
BC15-4,8/31/18,235,154.82
BC15-1,8/31/18,310.9,230.72
BC15-14,8/31/18,232.5,152.32
BC15-9,8/31/18,196.5,116.32
BC15-3,8/31/18,204.1,123.92
BC2-4,8/31/18,334.6,254.42
BC2-3,8/31/18,332,251.82
BC3-4,8/31/18,360.2,280.02
BC3-12,8/31/18,345.6,265.42
BC3-11,8/31/18,332.1,251.92
BC2-2,8/31/18,325.9,245.72
BC2-11,8/31/18,361.8,281.62
BC2-11,8/31/18,361.8,281.62
BC3-1,8/31/18,343,262.82
BC2-6,8/31/18,347.7,267.52
BC2-8,8/31/18,325.7,245.52
BC3-9,8/31/18,358.5,278.32
BC3-6,8/31/18,337.7,257.52
BC2-14,8/31/18,325.7,245.52
BC3-15,8/31/18,338.7,258.52
BC3-13,8/31/18,342.4,262.22
BC3-10,8/31/18,313.1,232.92
BC4-2,8/31/18,299.7,219.52
BC4-14,8/31/18,321,240.82
BC4-6,8/31/18,349.5,269.32
BC4-5,8/31/18,330.2,250.02
BC12-15,8/31/18,391.8,311.62
BC4-4,8/31/18,294.8,214.62
BC12-9,8/31/18,338.5,258.32
BC4-7,8/31/18,282.8,202.62
BC4-14,8/31/18,321,240.82
BC4-13,8/31/18,312.4,232.22
BC3-8,8/31/18,339.7,259.52
BC4-11,8/31/18,300.6,220.42
BC4-10,8/31/18,334.7,254.52
BC14-4,8/31/18,316.6,236.42
BC12-11,8/31/18,296.5,216.32
BC14-3,8/31/18,301.3,221.12
BC14-7,8/31/18,366.6,286.42
BC12-8,8/31/18,361.3,281.12
BC12-12,8/31/18,366.5,286.32
BC12-2,8/31/18,356.8,276.62
BC14-15,8/31/18,363.2,283.02
BC14-14,8/31/18,343.7,263.52
BC14-10,8/31/18,317.8,237.62
BC12-6,8/31/18,356.5,276.32
BC12-10,8/31/18,357.7,277.52
BC12-5,8/31/18,359.2,279.02
BC12-7,8/31/18,359.9,279.72
BC13-4,8/31/18,354.8,274.62
BC13-8,8/31/18,326.9,246.72
BC14-8,8/31/18,342.5,262.32
BC13-2,8/31/18,358,277.82
BC14-1,8/31/18,337,256.82
BC13-6,8/31/18,339,258.82
BC13-1,8/31/18,323.4,243.22
BC14-2,8/31/18,324.4,244.22
BC13-9,8/31/18,329.8,249.62
BC13-3,8/31/18,326.4,246.22
BC13-7,8/31/18,320.2,240.02
BC13-10,8/31/18,343.6,263.42
BC13-15,8/31/18,269.8,189.62
BC14-5,8/31/18,307.3,227.12
BC12-2,9/3/18,356.8,276.62
BC12-12,9/3/18,366.5,286.32
BC14-1,9/3/18,337,256.82
BC12-11,9/3/18,296.5,216.32
BC12-15,9/3/18,391.8,311.62
BC14-8,9/3/18,342.5,262.32
BC12-8,9/3/18,361.3,281.12
BC12-6,9/3/18,356.5,276.32
BC12-9,9/3/18,338.5,258.32
BC12-5,9/3/18,359.2,279.02
BC12-7,9/3/18,359.9,279.72
BC12-10,9/3/18,357.7,277.52
BC14-2,9/3/18,324.4,244.22
BC14-5,9/3/18,307.3,227.12
BC13-4,9/3/18,354.8,274.62
BC13-8,9/3/18,326.9,246.72
BC14-7,9/3/18,366.6,286.42
BC13-2,9/3/18,358,277.82
BC14-3,9/3/18,301.3,221.12
BC14-4,9/3/18,316.6,236.42
BC13-6,9/3/18,339,258.82
BC13-15,9/3/18,269.8,189.62
BC13-9,9/3/18,329.8,249.62
BC13-10,9/3/18,343.6,263.42
BC13-7,9/3/18,320.2,240.02
BC14-14,9/3/18,343.7,263.52
BC14-15,9/3/18,363.2,283.02
BC14-10,9/3/18,317.8,237.62
BC13-1,9/3/18,323.4,243.22
BC13-3,9/3/18,326.4,246.22
BC15-5,9/4/18,323,242.82
BC2-11,9/4/18,361.8,281.62
BC2-2,9/4/18,325.9,245.72
BC15-13,9/4/18,315.1,234.92
BC15-10,9/4/18,302.3,222.12
BC15-8,9/4/18,266.2,186.02
BC15-12,9/4/18,336.3,256.12
BC15-1,9/4/18,310.9,230.72
BC15-9,9/4/18,196.5,116.32
BC15-3,9/4/18,204.1,123.92
BC15-14,9/4/18,232.5,152.32
BC2-14,9/4/18,325.7,245.52
BC2-6,9/4/18,347.7,267.52
BC15-4,9/4/18,0,-80.18
BC15-5,9/4/18,323,242.82
BC2-11,9/4/18,361.8,281.62
BC2-2,9/4/18,325.9,245.72
BC15-13,9/4/18,315.1,234.92
BC15-10,9/4/18,302.3,222.12
BC15-8,9/4/18,266.2,186.02
BC15-12,9/4/18,336.3,256.12
BC15-1,9/4/18,310.9,230.72
BC15-9,9/4/18,196.5,116.32
BC15-3,9/4/18,204.1,123.92
BC15-14,9/4/18,232.5,152.32
BC2-14,9/4/18,325.7,245.52
BC2-6,9/4/18,347.7,267.52
BC15-4,9/4/18,234,153.82
BC3-10,9/4/18,313.1,232.92
BC3-12,9/4/18,345.6,265.42
BC2-9,9/4/18,362.3,282.12
BC2-12,9/4/18,357.2,277.02
BC3-1,9/4/18,343,262.82
BC3-11,9/4/18,332.1,251.92
BC2-1,9/4/18,280,199.82
BC2-3,9/4/18,332,251.82
BC2-4,9/4/18,334.6,254.42
BC3-13,9/4/18,342.4,262.22
BC3-8,9/4/18,339.7,259.52
BC3-15,9/4/18,338.7,258.52
BC2-8,9/4/18,325.7,245.52
BC3-6,9/4/18,337.7,257.52
BC3-10,9/4/18,313.1,232.92
BC3-12,9/4/18,345.6,265.42
BC2-9,9/4/18,362.3,282.12
BC2-12,9/4/18,357.2,277.02
BC3-1,9/4/18,343,262.82
BC3-11,9/4/18,332.1,251.92
BC2-1,9/4/18,280,199.82
BC2-3,9/4/18,332,251.82
BC2-4,9/4/18,334.6,254.42
BC3-13,9/4/18,342.4,262.22
BC3-8,9/4/18,339.7,259.52
BC3-15,9/4/18,338.7,258.52
BC2-8,9/4/18,325.7,245.52
BC3-6,9/4/18,337.7,257.52
BC4-14,9/4/18,321,240.82
BC4-4 ,9/4/18,295,214.82
BC3-4,9/4/18,360.2,280.02
BC4-6,9/4/18,349.5,269.32
BC4-2,9/4/18,299.7,219.52
BC4-5,9/4/18,330.2,250.02
SEAWATER,9/4/18,#N/A,#N/A
BC3-9,9/4/18,358.5,278.32
BC4-7,9/4/18,282.8,202.62
BC4-13,9/4/18,312.4,232.22
BC4-10,9/4/18,334.7,254.52
BC4-1,9/4/18,354.4,274.22
BC4-11,9/4/18,300.6,220.42
BC4-14,9/4/18,321,240.82
BC4-4 ,9/4/18,295,214.82
BC3-4,9/4/18,360.2,280.02
BC4-6,9/4/18,349.5,269.32
BC4-2,9/4/18,299.7,219.52
BC4-5,9/4/18,330.2,250.02
BC3-9,9/4/18,358.5,278.32
BC4-7,9/4/18,282.8,202.62
BC4-13,9/4/18,312.4,232.22
BC4-10,9/4/18,334.7,254.52
BC4-1,9/4/18,354.4,274.22
BC4-11,9/4/18,300.6,220.42
BC15-10,9/5/18,245,164.82
BC2-12,9/5/18,357,276.82
BC2-1,9/5/18,280,199.82
BC15-8,9/5/18,222,141.82
BC15-5,9/5/18,278.3,198.12
BC15-13,9/5/18,255.8,175.62
BC15-12,9/5/18,276.2,196.02
BC15-3,9/5/18,201.6,121.42
BC15-9,9/5/18,194.3,114.12
BC15-4,9/5/18,235,154.82
BC2-3,9/5/18,328.1,247.92
BC2-4,9/5/18,329.6,249.42
BC15-14,9/5/18,230.9,150.72
BC15-1,9/5/18,309.5,229.32
BC3-4,9/5/18,360,279.82
BC2-2,9/5/18,326,245.82
BC2-9,9/5/18,362,281.82
BC2-11,9/5/18,361,280.82
BC3-12,9/5/18,346,265.82
BC3-11,9/5/18,332,251.82
BC3-1,9/5/18,343,262.82
BC3-6,9/5/18,336.1,255.92
BC3-9,9/5/18,356,275.82
BC3-13,9/5/18,344.3,264.12
BC3-8,9/5/18,337.1,256.92
BC2-8,9/5/18,352.4,272.22
BC2-14,9/5/18,323.7,243.52
BC2-6,9/5/18,336.3,256.12
BC4-4,9/5/18,295,214.82
BC4-14,9/5/18,321,240.82
BC3-10,9/5/18,314,233.82
BC4-6,9/5/18,350,269.82
BC4-2,9/5/18,300,219.82
BC4-5,9/5/18,330,249.82
BC4-10,9/5/18,332.1,251.92
BC4-7,9/5/18,281.1,200.92
BC4-11,9/5/18,302.2,222.02
BC4-1,9/5/18,352.9,272.72
BC4-13,9/5/18,310.1,229.92
BC15-10,9/6/18,245,164.82
BC15-12,9/6/18,276.2,196.02
BC2-9,9/6/18,362,281.82
BC15-5,9/6/18,278.3,198.12
BC15-13,9/6/18,255.8,175.62
BC2-2,9/6/18,326,245.82
BC15-8,9/6/18,222,141.82
BC15-9,9/6/18,194.3,114.12
BC15-4,9/6/18,235,154.82
BC15-3,9/6/18,201.6,121.42
BC2-4,9/6/18,329.6,249.42
BC15-1,9/6/18,309.5,229.32
BC15-14,9/6/18,230.9,150.72
BC2-6,9/6/18,336.3,256.12
BC15-10,9/6/18,245,164.82
BC15-12,9/6/18,276.2,196.02
BC2-9,9/6/18,362,281.82
BC15-5,9/6/18,278.3,198.12
BC15-13,9/6/18,255.8,175.62
BC2-2,9/6/18,326,245.82
BC15-8,9/6/18,222,141.82
BC15-9,9/6/18,194.3,114.12
BC15-4,9/6/18,236,155.82
BC15-3,9/6/18,201.6,121.42
BC2-4,9/6/18,329.6,249.42
BC15-1,9/6/18,309.5,229.32
BC15-14,9/6/18,230.9,150.72
BC2-6,9/6/18,336.3,256.12
BC3-10,9/6/18,305,224.82
BC2-11,9/6/18,362,281.82
BC3-11,9/6/18,333,252.82
BC3-4,9/6/18,360,279.82
BC2-11,9/6/18,362,281.82
BC2-12,9/6/18,357,276.82
BC3-12,9/6/18,345,264.82
BC3-9,9/6/18,356,275.82
BC3-15,9/6/18,336.2,256.02
BC3-6,9/6/18,336.1,255.92
BC2-14,9/6/18,323.7,243.52
BC3-13,9/6/18,344.3,264.12
BC2-3,9/6/18,328.1,247.92
BC2-8,9/6/18,352.4,272.22
BC3-10,9/6/18,314,233.82
BC2-11,9/6/18,362,281.82
BC3-11,9/6/18,333,252.82
BC3-4,9/6/18,360,279.82
BC2-11,9/6/18,360,279.82
BC2-12,9/6/18,358,277.82
BC3-12,9/6/18,346,265.82
BC3-9,9/6/18,356,275.82
BC3-15,9/6/18,336.2,256.02
BC3-6,9/6/18,336.1,255.92
BC2-14,9/6/18,323.7,243.52
BC3-13,9/6/18,344.3,264.12
BC2-3,9/6/18,328.1,247.92
BC2-8,9/6/18,352.4,272.22
BC4-4,9/6/18,295,214.82
BC4-14,9/6/18,322,241.82
BC3-1,9/6/18,343,262.82
BC4-5,9/6/18,331,250.82
BC4-2,9/6/18,300,219.82
BC4-6,9/6/18,350,269.82
BC3-8,9/6/18,337.1,256.92
BC4-1,9/6/18,352.9,272.72
BC4-7,9/6/18,281.1,200.92
BC4-10,9/6/18,332.1,251.92
BC4-13,9/6/18,310.1,229.92
BC4-11,9/6/18,302.2,222.02
BC4-4,9/6/18,295,214.82
BC4-14,9/6/18,321,240.82
BC3-1,9/6/18,343,262.82
BC4-5,9/6/18,330,249.82
BC4-2,9/6/18,300,219.82
BC4-6,9/6/18,350,269.82
BC3-8,9/6/18,337.1,256.92
BC4-1,9/6/18,352.9,272.72
BC4-7,9/6/18,281.1,200.92
BC4-10,9/6/18,332.1,251.92
BC4-13,9/6/18,310.1,229.92
BC4-11,9/6/18,302.2,222.02
BC12-11,9/7/18,393.4,313.22
BC12-12,9/7/18,362.6,282.42
BC14-7,9/7/18,362.8,282.62
BC12-8,9/7/18,356.2,276.02
BC12-15,9/7/18,387.3,307.12
BC14-3,9/7/18,293.8,213.62
BC12-2,9/7/18,350.4,270.22
BC12-10,9/7/18,356.9,276.72
BC12-5,9/7/18,359.7,279.52
BC12-6,9/7/18,355.3,275.12
BC14-15,9/7/18,360.9,280.72
BC12-9,9/7/18,337.7,257.52
BC12-7,9/7/18,350.3,270.12
BC14-2,9/7/18,323.5,243.32
BC14-1,9/7/18,337.1,256.92
BC13-6,9/7/18,335.5,255.32
BC14-8,9/7/18,339.3,259.12
BC13-1,9/7/18,320.2,240.02
BC13-8,9/7/18,323.8,243.62
BC14-4,9/7/18,311.6,231.42
BC13-2,9/7/18,354.8,274.62
BC13-7,9/7/18,320.5,240.32
BC14-10,9/7/18,314.6,234.42
BC13-10,9/7/18,343.7,263.52
BC13-3,9/7/18,328.8,248.62
BC13-9,9/7/18,329.1,248.92
BC14-5,9/7/18,306.6,226.42
BC14-14,9/7/18,341.7,261.52
BC13-4,9/7/18,352.1,271.92
BC13-15,9/7/18,367.3,287.12
BC12-11,9/11/18,393.4,313.22
BC14-8,9/11/18,339.3,259.12
BC14-4,9/11/18,311.6,231.42
BC14-7,9/11/18,362.8,282.62
BC12-2,9/11/18,350.4,270.22
BC14-1,9/11/18,337.1,256.92
BC14-3,9/11/18,293.8,213.62
BC12-5,9/11/18,359.7,279.52
BC14-10,9/11/18,314.6,234.42
BC12-9,9/11/18,337.7,257.52
BC14-5,9/11/18,306.6,226.42
BC14-14,9/11/18,341.7,261.52
BC14-2,9/11/18,323.5,243.32
BC14-15,9/11/18,360.9,280.72
BC12-11,9/11/18,393.4,313.22
BC14-8,9/11/18,339.3,259.12
BC14-4,9/11/18,311.6,231.42
BC14-7,9/11/18,362.8,282.62
BC12-2,9/11/18,350.4,270.22
BC14-1,9/11/18,337.1,256.92
BC14-3,9/11/18,293.8,213.62
BC12-5,9/11/18,359.7,279.52
BC14-10,9/11/18,314.6,234.42
BC12-9,9/11/18,337.7,257.52
BC14-5,9/11/18,306.6,226.42
BC14-14,9/11/18,341.7,261.52
BC14-2,9/11/18,323.5,243.32
BC14-15,9/11/18,360.9,280.72
BC12-15,9/11/18,387.3,307.12
BC13-2,9/11/18,354.8,274.62
BC13-4,9/11/18,352.1,271.92
BC13-1,9/11/18,320.2,240.02
BC12-8,9/11/18,356.2,276.02
BC12-12,9/11/18,362.6,282.42
BC13-6,9/11/18,335.5,255.32
BC13-7,9/11/18,320.5,240.32
BC13-9,9/11/18,329.1,248.92
BC12-7,9/11/18,350.3,270.12
BC13-10,9/11/18,343.7,263.52
BC12-6,9/11/18,355.3,275.12
BC13-15,9/11/18,367.3,287.12
BC12-10,9/11/18,356.9,276.72
BC12-15,9/11/18,387.3,307.12
BC13-2,9/11/18,354.8,274.62
BC13-4,9/11/18,352.1,271.92
BC13-1,9/11/18,320.2,240.02
BC12-8,9/11/18,356.2,276.02
BC12-12,9/11/18,362.6,282.42
BC13-6,9/11/18,335.5,255.32
BC13-7,9/11/18,320.5,240.32
BC13-9,9/11/18,329.1,248.92
BC12-7,9/11/18,350.3,270.12
BC13-10,9/11/18,343.7,263.52
BC12-6,9/11/18,355.3,275.12
BC13-15,9/11/18,367.3,287.12
BC12-10,9/11/18,356.9,276.72
BC13-3,9/11/18,328.8,248.62
BC13-8,9/11/18,323.8,243.62
SEAWATER,9/11/18,#N/A,#N/A
BC13-3,9/11/18,328.8,248.62
BC13-8,9/11/18,323.8,243.62
BC14-3,9/12/18,293.8,213.62
BC12-12,9/12/18,362.6,282.42
BC14-1,9/12/18,337.1,256.92
BC14-7,9/12/18,362.8,282.62
BC12-15,9/12/18,387.3,307.12
BC14-4,9/12/18,311.6,231.42
BC14-8,9/12/18,339.3,259.12
BC14-15,9/12/18,360.9,280.72
BC14-2,9/12/18,323.5,243.32
BC14-10,9/12/18,314.6,234.42
BC12-6,9/12/18,355.3,275.12
BC14-14,9/12/18,341.7,261.52
BC14-5,9/12/18,306.6,226.42
BC12-10,9/12/18,356.9,276.72
BC13-8,9/12/18,323.8,243.62
BC13-2,9/12/18,354.8,274.62
BC12-2,9/12/18,350.4,270.22
BC12-8,9/12/18,356.2,276.02
BC13-1,9/12/18,320.2,240.02
BC13-4,9/12/18,352.1,271.92
BC12-11,9/12/18,393.4,313.22
BC13-3,9/12/18,328.8,248.62
BC13-15,9/12/18,367.3,287.12
BC12-5,9/12/18,359.7,279.52
BC13-7,9/12/18,320.5,240.32
BC12-7,9/12/18,350.3,270.12
BC12-9,9/12/18,337.7,257.52
BC13-9,9/12/18,329.1,248.92
BC13-6,9/12/18,335.5,255.32
BC13-10,9/12/18,343.7,263.52
BC12-2,9/13/18,350.4,270.22
BC14-4,9/13/18,311.6,231.42
BC14-3,9/13/18,293.8,213.62
BC14-8,9/13/18,339.3,259.12
BC14-7,9/13/18,362.8,282.62
BC14-1,9/13/18,337.1,256.92
BC12-8,9/13/18,356.2,276.02
BC14-15,9/13/18,360.9,280.72
BC14-2,9/13/18,323.5,243.32
BC12-7,9/13/18,350.3,270.12
BC12-9,9/13/18,337.7,257.52
BC14-10,9/13/18,314.6,234.42
BC14-5,9/13/18,306.6,226.42
BC14-14,9/13/18,341.7,261.52
BC12-2,9/13/18,350.4,270.22
BC14-4,9/13/18,311.6,231.42
BC14-3,9/13/18,293.8,213.62
BC14-8,9/13/18,339.3,259.12
BC14-7,9/13/18,362.8,282.62
BC14-1,9/13/18,337.1,256.92
BC12-8,9/13/18,356.2,276.02
BC14-15,9/13/18,360.9,280.72
BC14-2,9/13/18,323.5,243.32
BC12-7,9/13/18,350.3,270.12
BC12-9,9/13/18,337.7,257.52
BC14-10,9/13/18,314.6,234.42
BC14-5,9/13/18,306.6,226.42
BC14-14,9/13/18,341.7,261.52
BC12-11,9/13/18,393.4,313.22
BC12-12,9/13/18,362.6,282.42
BC13-2,9/13/18,354.8,274.62
BC12-15,9/13/18,387.3,307.12
BC13-6,9/13/18,335.5,255.32
BC13-8,9/13/18,323.8,243.62
BC13-4,9/13/18,352.1,271.92
BC12-6,9/13/18,355.3,275.12
BC12-5,9/13/18,359.7,279.52
BC12-10,9/13/18,356.9,276.72
BC13-3,9/13/18,328.8,248.62
BC13-10,9/13/18,343.7,263.52
BC13-9,9/13/18,329.1,248.92
BC13-7,9/13/18,320.5,240.32
BC12-11,9/13/18,393.4,313.22
BC12-12,9/13/18,362.6,282.42
BC13-2,9/13/18,354.8,274.62
BC12-15,9/13/18,387.3,307.12
BC13-6,9/13/18,335.5,255.32
BC13-8,9/13/18,323.8,243.62
BC13-4,9/13/18,352.1,271.92
BC12-6,9/13/18,355.3,275.12
BC12-5,9/13/18,359.7,279.52
BC12-10,9/13/18,356.9,276.72
BC13-3,9/13/18,328.8,248.62
BC13-10,9/13/18,343.7,263.52
BC13-9,9/13/18,329.1,248.92
BC13-7,9/13/18,320.5,240.32
BC13-1,9/13/18,320.2,240.02
BC13-15,9/13/18,367.3,287.12
BC13-1,9/13/18,320.2,240.02
BC13-15,9/13/18,367.3,287.12